-- --------------------------------------------------------
-- Host:                         127.0.0.1
-- Server version:               10.10.2-MariaDB - mariadb.org binary distribution
-- Server OS:                    Win64
-- HeidiSQL Version:             11.3.0.6295
-- --------------------------------------------------------

/*!40101 SET @OLD_CHARACTER_SET_CLIENT=@@CHARACTER_SET_CLIENT */;
/*!40101 SET NAMES utf8 */;
/*!50503 SET NAMES utf8mb4 */;
/*!40014 SET @OLD_FOREIGN_KEY_CHECKS=@@FOREIGN_KEY_CHECKS, FOREIGN_KEY_CHECKS=0 */;
/*!40101 SET @OLD_SQL_MODE=@@SQL_MODE, SQL_MODE='NO_AUTO_VALUE_ON_ZERO' */;
/*!40111 SET @OLD_SQL_NOTES=@@SQL_NOTES, SQL_NOTES=0 */;

-- Dumping structure for table mdm_equipment.departments
CREATE TABLE IF NOT EXISTS `departments` (
  `id` bigint(20) NOT NULL AUTO_INCREMENT,
  `name` varchar(255) NOT NULL,
  `alias` varchar(255) DEFAULT NULL,
  `phone` varchar(255) DEFAULT NULL,
  `email` varchar(255) DEFAULT NULL,
  `address` varchar(255) DEFAULT NULL,
  `active_status` varchar(255) DEFAULT NULL,
  `contact_person_id` bigint(20) DEFAULT NULL,
  `head_of_department_id` bigint(20) DEFAULT NULL,
  `chief_nurse_id` bigint(20) DEFAULT NULL,
  `manager_id` bigint(20) DEFAULT NULL,
  PRIMARY KEY (`id`),
  UNIQUE KEY `email` (`email`),
  UNIQUE KEY `phone` (`phone`),
  KEY `CHIEF_NURSE` (`chief_nurse_id`),
  KEY `CONTACT_PERSON_ID` (`contact_person_id`),
  KEY `HEAD_OF_DEPARTMENT_ID` (`head_of_department_id`),
  KEY `MANAGER` (`manager_id`),
  CONSTRAINT `CHIEF_NURSE` FOREIGN KEY (`chief_nurse_id`) REFERENCES `users` (`id`) ON DELETE SET NULL ON UPDATE CASCADE,
  CONSTRAINT `CONTACT_PERSON_ID` FOREIGN KEY (`contact_person_id`) REFERENCES `users` (`id`) ON DELETE SET NULL ON UPDATE CASCADE,
  CONSTRAINT `HEAD_OF_DEPARTMENT_ID` FOREIGN KEY (`head_of_department_id`) REFERENCES `users` (`id`) ON DELETE SET NULL ON UPDATE CASCADE,
  CONSTRAINT `MANAGER` FOREIGN KEY (`manager_id`) REFERENCES `users` (`id`) ON DELETE SET NULL ON UPDATE CASCADE
) ENGINE=InnoDB AUTO_INCREMENT=35 DEFAULT CHARSET=utf8mb4 COLLATE=utf8mb4_general_ci;

-- Dumping data for table mdm_equipment.departments: ~26 rows (approximately)
/*!40000 ALTER TABLE `departments` DISABLE KEYS */;
INSERT INTO `departments` (`id`, `name`, `alias`, `phone`, `email`, `address`, `active_status`, `contact_person_id`, `head_of_department_id`, `chief_nurse_id`, `manager_id`) VALUES
	(9, 'Phòng Vật tư thiết bị y tế', 'PVTBTYT', '+84909567432', 'PhongVatTuThietBiYTe@gmail.com', '123 ABC Street, Ho Chi Minh City, Vietnam', 'ACTIVE', NULL, NULL, NULL, 1),
	(10, 'Khoa kiểm soát nhiễm khuẩn', 'KKSNNK', '+84905578901', 'KhoaKiemSoatNhiemKhuan@gmail.com', '456 XYZ Street, Hanoi, Vietnam', 'ACTIVE', NULL, NULL, NULL, 1),
	(11, 'Khoa Chẩn đoán hình ảnh', 'KCDHA', '+84903215678', 'KhoaChanDoanHinhAnh@gmail.com', '789 PQR Street, Da Nang, Vietnam', 'ACTIVE', NULL, NULL, NULL, 1),
	(12, 'Khoa Hóa Sinh', 'KHS', '+84904123678', 'KhoaHoaSin@gmail.com', '321 MNO Street, Hue, Vietnam', 'ACTIVE', NULL, NULL, NULL, 1),
	(13, 'Khoa Huyết học truyền máu', 'KHHHTM', '+84901472536', 'KhoaHuyetHocTruyenMau@gmail.com', '654 JKL Street, Nha Trang, Vietnam', 'ACTIVE', NULL, NULL, NULL, NULL),
	(14, 'Khoa Vi Sinh', 'KVS', '+84908246127', 'KhoaViSinh@gmail.com', '987 DEF Street, Vung Tau, Vietnam', 'ACTIVE', NULL, NULL, NULL, NULL),
	(15, 'Khoa Giải phẫu bệnh', 'KGPB', '+84907321564', 'KhoaGiaiPhauBenh@gmail.com', '456 XYZ Street, Hanoi, Vietnam', 'ACTIVE', NULL, NULL, NULL, NULL),
	(16, 'Khoa Khám Bệnh', 'KKKB', '+84908263417', 'KhoaKhamBenh@gmail.com', '789 PQR Street, Da Nang, Vietnam', 'ACTIVE', NULL, NULL, NULL, NULL),
	(17, 'Khoa Mắt', 'KM', '+84906247539', 'KhoaMat@gmail.com', '321 MNO Street, Hue, Vietnam', 'ACTIVE', NULL, NULL, NULL, NULL),
	(18, 'Khoa Răng Hàm Mặt', 'KRHM', '+84903124758', 'KhoaRangHamMat@gmail.com', '654 JKL Street, Nha Trang, Vietnam', 'ACTIVE', NULL, NULL, NULL, NULL),
	(19, 'Khoa Y học cổ truyền', 'KYHCT', '+84901325476', 'KhoaYHocCoTruyen@gmail.com', '987 DEF Street, Vung Tau, Vietnam', 'ACTIVE', NULL, NULL, NULL, NULL),
	(20, 'Khoa Lọc Máu', 'KLM', '+84908247563', 'KhoaLocMau@gmail.com', '123 ABC Street, Ho Chi Minh City, Vietnam', 'ACTIVE', NULL, NULL, NULL, NULL),
	(21, 'Khoa Cấp cứu', 'KCC', '+84905573629', 'KhoaCapCuu@gmail.com', '456 XYZ Street, Hanoi, Vietnam', 'ACTIVE', NULL, NULL, NULL, NULL),
	(22, 'Khoa Hồi sức tích cực', 'KHSTC', '+84903254768', 'KhoaHoiSucTichCuc@gmail.com', '789 PQR Street, Da Nang, Vietnam', 'ACTIVE', NULL, NULL, NULL, NULL),
	(23, 'Khoa Nội tổng hợp', 'KNTH', '+84901427635', 'KhoaNoiTongHop@gmail.com', '321 MNO Street, Hue, Vietnam', 'ACTIVE', NULL, NULL, NULL, NULL),
	(24, 'Khoa Tim mạch', 'KTM', '+84908253417', 'KhoaTimMach@gmail.com', '654 JKL Street, Nha Trang, Vietnam', 'ACTIVE', NULL, NULL, NULL, NULL),
	(25, 'Khoa Truyền nhiễm', 'KTN', '+84907315264', 'KhoaTruyenNhiem@gmail.com', '987 DEF Street, Vung Tau, Vietnam', 'ACTIVE', NULL, NULL, NULL, NULL),
	(26, 'Khoa Phẩu thuật gây mê', 'KPTGM', '+84906273519', 'KhoaPhauThuatGayMe@gmail.com', '123 ABC Street, Ho Chi Minh City, Vietnam', 'ACTIVE', NULL, NULL, NULL, NULL),
	(27, 'Khoa Sản', 'KS', '+84909532741', 'KhoaSan@gmail.com', '456 XYZ Street, Hanoi, Vietnam', 'ACTIVE', NULL, NULL, NULL, NULL),
	(28, 'Khoa Phụ khoa', 'KPK', '+84905512376', 'KhoaPhuKhoa@gmail.com', '789 PQR Street, Da Nang, Vietnam', 'ACTIVE', NULL, NULL, NULL, NULL),
	(29, 'Khoa Ung Bướu', 'KUB', '+84903275648', 'KhoaUngBuou@gmail.com', '321 MNO Street, Hue, Vietnam', 'ACTIVE', NULL, NULL, NULL, NULL),
	(30, 'Khoa thần kinh lồng ngực', 'KTKLN', '+84908253471', 'KhoaThanKinhLongNguc@gmail.com', '987 DEF Street, Vung Tau, Vietnam', 'ACTIVE', NULL, NULL, NULL, NULL),
	(31, 'Khoa Tiêu Hóa', 'KTH', '+84906273419', 'KhoaTieuHoa@gmail.com', '456 XYZ Street, Hanoi, Vietnam', 'ACTIVE', NULL, NULL, NULL, NULL),
	(32, 'Khoa Nhi', 'KN', '+84909123756', 'KhoaNhi@gmail.com', '789 PQR Street, Da Nang, Vietnam', 'ACTIVE', NULL, NULL, NULL, NULL),
	(33, 'Khoa BV ĐK Quốc Tế', 'KBVDKT', '+84905572316', 'KhoaBVDKQuocTe@gmail.com', '321 MNO Street, Hue, Vietnam', 'ACTIVE', NULL, NULL, NULL, NULL),
	(34, 'Khoa Dinh dưỡng', 'KDD', '+84909152736', 'KhoaDinhDuong@gmail.com', '654 JKL Street, Nha Trang, Vietnam', 'ACTIVE', NULL, NULL, NULL, NULL);
/*!40000 ALTER TABLE `departments` ENABLE KEYS */;

-- Dumping structure for table mdm_equipment.equipments
CREATE TABLE IF NOT EXISTS `equipments` (
  `id` bigint(20) NOT NULL AUTO_INCREMENT,
  `name` varchar(255) NOT NULL,
  `model` varchar(255) NOT NULL,
  `serial` varchar(255) NOT NULL,
  `code` varchar(255) DEFAULT NULL,
  `hash_code` varchar(255) DEFAULT NULL,
  `risk_level` varchar(255) DEFAULT NULL,
  `technical_parameter` text DEFAULT NULL,
  `warehouse_import_date` datetime DEFAULT NULL,
  `year_of_manufacture` smallint(6) DEFAULT NULL,
  `year_in_use` smallint(6) DEFAULT NULL,
  `configuration` text DEFAULT NULL,
  `import_price` double DEFAULT NULL,
  `initial_value` double DEFAULT NULL,
  `annual_depreciation` double DEFAULT NULL,
  `usage_procedure` text DEFAULT NULL,
  `note` text DEFAULT NULL,
  `status` varchar(255) NOT NULL,
  `manufacturer` varchar(255) DEFAULT NULL,
  `manufacturing_country` varchar(255) DEFAULT NULL,
  `category_id` bigint(20) DEFAULT NULL,
  `department_id` bigint(20) DEFAULT NULL,
  `regular_maintenance` int(11) NOT NULL DEFAULT 0,
  `regular_inspection` int(11) NOT NULL DEFAULT 0,
  `joint_venture_contract_expiration_date` datetime DEFAULT NULL,
  `warranty_expiration_date` datetime DEFAULT NULL,
  `project_id` bigint(20) DEFAULT NULL,
  `supplier_id` bigint(20) DEFAULT NULL,
  `deleted` bit(1) NOT NULL DEFAULT b'0',
  `unit_id` bigint(20) DEFAULT NULL,
  PRIMARY KEY (`id`),
  UNIQUE KEY `serial` (`serial`),
  UNIQUE KEY `code` (`code`),
  KEY `CATEGORY` (`category_id`),
  KEY `FK_EQUIPMENTS_ON_DEPARTMENT` (`department_id`),
  KEY `PROJECT` (`project_id`),
  KEY `SUPPLIER` (`supplier_id`),
  KEY `FK_EQUIPMENTS_ON_UNIT` (`unit_id`),
  CONSTRAINT `CATEGORY` FOREIGN KEY (`category_id`) REFERENCES `equipment_categories` (`id`) ON DELETE SET NULL ON UPDATE CASCADE,
  CONSTRAINT `FK_EQUIPMENTS_ON_DEPARTMENT` FOREIGN KEY (`department_id`) REFERENCES `departments` (`id`) ON DELETE SET NULL ON UPDATE CASCADE,
  CONSTRAINT `FK_EQUIPMENTS_ON_UNIT` FOREIGN KEY (`unit_id`) REFERENCES `equipment_units` (`id`),
  CONSTRAINT `PROJECT` FOREIGN KEY (`project_id`) REFERENCES `projects` (`id`) ON DELETE SET NULL ON UPDATE CASCADE,
  CONSTRAINT `SUPPLIER` FOREIGN KEY (`supplier_id`) REFERENCES `suppliers` (`id`) ON DELETE SET NULL ON UPDATE CASCADE
) ENGINE=InnoDB AUTO_INCREMENT=3059 DEFAULT CHARSET=utf8mb4 COLLATE=utf8mb4_general_ci;

-- Dumping data for table mdm_equipment.equipments: ~524 rows (approximately)
/*!40000 ALTER TABLE `equipments` DISABLE KEYS */;
INSERT INTO `equipments` (`id`, `name`, `model`, `serial`, `code`, `hash_code`, `risk_level`, `technical_parameter`, `warehouse_import_date`, `year_of_manufacture`, `year_in_use`, `configuration`, `import_price`, `initial_value`, `annual_depreciation`, `usage_procedure`, `note`, `status`, `manufacturer`, `manufacturing_country`, `category_id`, `department_id`, `regular_maintenance`, `regular_inspection`, `joint_venture_contract_expiration_date`, `warranty_expiration_date`, `project_id`, `supplier_id`, `deleted`, `unit_id`) VALUES
	(2423, 'Máy X quang di động', 'IME - 100L', 'W2E1062522', 'N01-XXXXXX-17012023-XX2423', 'XQ.1.31031.W2E1062522', NULL, NULL, NULL, 2010, 2010, NULL, 0, NULL, NULL, NULL, NULL, 'LIQUIDATED', 'Toshiba', NULL, 2, 10, 12, 24, NULL, NULL, NULL, NULL, b'0', NULL),
	(2426, 'Máy siêu âm tổng quát', 'SSD 3500 SX', 'M13920', 'N01-XXXXXX-17012023-XX2426', 'SA.1.31031.M13920', NULL, NULL, NULL, 2009, 2009, NULL, 1330000, NULL, NULL, NULL, NULL, 'PENDING_ACCEPTANCE_TESTING', 'Aloka', NULL, NULL, 9, 12, 0, NULL, NULL, NULL, NULL, b'0', NULL),
	(2430, 'Máy xét nghiệm điện giải', 'EasyLyte Plus', '30420BNKC', '1689219451589', '?G.1.31031.000000', NULL, NULL, NULL, 2006, 2006, NULL, NULL, NULL, NULL, NULL, NULL, 'PENDING_HANDOVER', 'Medica', NULL, NULL, 9, 6, 0, NULL, NULL, NULL, NULL, b'0', NULL),
	(2431, 'Máy xét nghiệm điện giải', 'EasyLyte Plus', '52503CNKC', 'N07-XNSH/MD-29102022-XX2431', '?G.1.31031.000000', NULL, NULL, NULL, 2006, 2006, NULL, NULL, NULL, NULL, NULL, NULL, 'PENDING_ACCEPT_LIQUIDATION', 'Medica', NULL, NULL, 9, 6, 0, NULL, NULL, NULL, NULL, b'0', NULL),
	(2432, 'Máy xét ngiệm HbA1c', 'MH200', 'H006H230014', 'N07-XNSH/MD-12112022-XX2432', 'XN.3.31031.230014', NULL, NULL, NULL, 2016, 2016, NULL, NULL, NULL, NULL, NULL, 'Máy mua', 'IN_USE', 'Ceragemmedisys', NULL, NULL, 9, 12, 0, NULL, NULL, NULL, NULL, b'0', NULL),
	(2433, 'Máy phân tích khí máu ', 'MEDICA', '0211030014', 'N07-XNSH/MD-10102022-XX2433', 'KM.3.31031.030014', NULL, NULL, NULL, 2012, 2012, NULL, NULL, NULL, NULL, NULL, NULL, 'INACTIVE', 'Medica', NULL, NULL, 9, 12, 0, NULL, NULL, NULL, NULL, b'0', NULL),
	(2435, 'Máy phân tích nước tiểu ', 'Mission U500', '297A00015C7', 'N07-XNSH/MD-18052022-XX2435', 'NT.3.31031.000007', NULL, NULL, NULL, 2014, 2015, NULL, NULL, NULL, NULL, NULL, NULL, 'INACTIVE', 'Acon', NULL, NULL, 9, 12, 12, NULL, NULL, NULL, NULL, b'0', NULL),
	(2437, 'Máy xét nghiệm sinh hoá', 'Monarch-400', 'S17004000425', 'N07-XXXXXX-12112022-XX2437', 'XN.3.31031.000425', NULL, NULL, NULL, 2017, 2017, NULL, NULL, NULL, NULL, NULL, NULL, 'REPAIRING', 'Fortress', NULL, NULL, 9, 6, 12, NULL, NULL, NULL, NULL, b'0', NULL),
	(2438, 'Máy xét nghiệm sinh hoá', 'BS - 400', 'WD -07100829', '1689232525316', 'XN.3.31031.100829', NULL, NULL, NULL, 2012, 2012, NULL, NULL, NULL, NULL, NULL, NULL, 'REPAIRING', 'Mindray', NULL, NULL, 9, 6, 0, NULL, NULL, NULL, NULL, b'0', NULL),
	(2439, 'Máy xét nghiệm miễn dịch', 'Immutite 1000', 'M3151', '1689219473552', 'XN.1.31031.003151', NULL, NULL, NULL, 2014, 2014, NULL, NULL, NULL, NULL, NULL, 'test', 'PENDING_HANDOVER', 'Siemens', NULL, NULL, 10, 12, 12, NULL, NULL, NULL, NULL, b'0', NULL),
	(2440, 'Máy xét nghiệm miễn dịch Procalcitomin', 'Icrhroma II', 'IR2PE031374', 'N07-XNSH/MD-12112022-XX2440', 'XN.3.31031.031374', NULL, NULL, NULL, 2019, 2019, NULL, NULL, NULL, NULL, NULL, 'Máy mua', 'PENDING_TRANSFER', 'Boditech Med', NULL, NULL, 9, 0, 12, NULL, NULL, NULL, NULL, b'0', NULL),
	(2441, 'Máy ly tâm', 'LC - 04S', '606012702', 'N07-XXXXXX-13112022-XX2441', 'LT.3.31031.012702', NULL, NULL, NULL, 2016, 2016, NULL, NULL, NULL, NULL, NULL, NULL, 'BROKEN', 'Zenith Lab', NULL, NULL, 9, 12, 12, NULL, NULL, NULL, NULL, b'0', NULL),
	(2442, 'Máy ly tâm', 'LC - 04S', '70930001', 'N07-XXXXXX-13112022-XX2442', 'LT.3.31031.930001', NULL, NULL, NULL, 2017, 2017, NULL, NULL, NULL, NULL, NULL, 'huy', 'UNDER_MAINTENANCE', 'Zenith Lab', NULL, NULL, 9, 12, 12, NULL, NULL, NULL, NULL, b'0', NULL),
	(2443, 'Máy ly tâm', 'LC - 04S', '606012831', 'N07-XXXXXX-13112022-XX2443', 'LT.3.31031.012831', NULL, NULL, NULL, 2016, 2016, NULL, NULL, NULL, NULL, NULL, NULL, 'PENDING_ACCEPT_MAINTENANCE', 'Zenith Lab', NULL, NULL, 9, 12, 12, NULL, NULL, NULL, NULL, b'0', NULL),
	(2444, 'Tủ lạnh bảo quản', 'VH - 408K', '095170500248', 'N13-XXXXXX-13112022-XX2444', 'TL.3.31031.500248', NULL, NULL, NULL, 2017, 2017, NULL, NULL, NULL, NULL, NULL, 'ok', 'PENDING_ACCEPT_MAINTENANCE', 'Sanaky', NULL, NULL, 9, 12, 12, NULL, NULL, NULL, NULL, b'0', NULL),
	(2445, 'Tủ lạnh bảo quản', 'VH - 1209', '226MP180500035', 'N13-XXXXXX-13112022-XX2445', 'TL.3.31031.500035', NULL, NULL, NULL, 2018, 2018, NULL, NULL, NULL, NULL, NULL, NULL, 'PENDING_ACCEPT_MAINTENANCE', 'Sanaky', NULL, NULL, 9, 12, 12, NULL, NULL, NULL, NULL, b'0', NULL),
	(2446, 'Máy xét nghiệm miễn dịch', 'Maglumi 800', '230200321900064', 'N07-XNSH/MD-10102022-XX2446', 'XN.3.31031.900064', NULL, NULL, NULL, 2020, 2021, NULL, NULL, NULL, NULL, NULL, 'ok', 'PENDING_ACCEPT_MAINTENANCE', 'Snibe', NULL, NULL, 9, 12, 0, NULL, NULL, NULL, NULL, b'0', NULL),
	(2447, 'Máy xét nghiệm huyết học', 'BC-1800', 'RK-19111298', 'N07-XXXXXX-17012023-XX2447', 'HH.3.31031.RK-19111298', NULL, NULL, NULL, 2012, 2013, NULL, NULL, NULL, NULL, NULL, NULL, 'PENDING_ACCEPT_MAINTENANCE', 'Mindray', NULL, NULL, 9, 6, 0, NULL, NULL, NULL, NULL, b'0', NULL),
	(2448, 'Máy xét nghiệm huyết học', 'Pentra-ES60', '412PES13257', 'N07-XXXXXX-17012023-XX2448', 'HH.1.31031.412PES13257', NULL, NULL, NULL, 2005, 2005, NULL, NULL, NULL, NULL, NULL, NULL, 'PENDING_ACCEPT_MAINTENANCE', 'Horiba Medical', NULL, NULL, 9, 6, 0, NULL, NULL, NULL, NULL, b'0', NULL),
	(2450, 'Tủ lạnh bảo quản', 'Piggu 700', '55909', '1689219834875', 'TL.1.31031.55909', NULL, NULL, NULL, 2015, 2015, NULL, NULL, NULL, NULL, NULL, NULL, 'PENDING_REPORT_BROKEN', 'LMB', NULL, NULL, 9, 0, 12, NULL, NULL, NULL, NULL, b'0', NULL),
	(2451, 'Máy xét nghiệm đông máu', 'CL1K-09', 'K05500362', '1689237639728', 'XN.3.31031.K05500362', NULL, NULL, NULL, 2016, 2016, NULL, NULL, NULL, NULL, NULL, NULL, 'REPAIRING', 'Dutch Diagnostics', NULL, NULL, 9, 6, 0, NULL, NULL, NULL, NULL, b'0', NULL),
	(2453, 'Máy ly tâm', 'LC04S', '606012675', '1689410581225', 'LT.2.31031.606012675', NULL, NULL, NULL, 2016, 2017, NULL, NULL, NULL, NULL, NULL, NULL, 'IN_USE', 'Centrifuge', NULL, NULL, 9, 12, 12, NULL, NULL, NULL, NULL, b'0', NULL),
	(2454, 'Kính hiển vi', 'CX23LEDRFS1', '9G86207 - 201907', '1689219527366', 'HV.3.31031.9G86207 - 201907', NULL, NULL, NULL, 2019, 2020, NULL, NULL, NULL, NULL, NULL, NULL, 'PENDING_HANDOVER', 'Olympus', NULL, NULL, 9, 0, 0, NULL, NULL, NULL, NULL, b'0', NULL),
	(2455, 'Máy ly tâm', 'S300T', 'X10808 -M000', 'N07-XXXXXX-17012023-XX2455', 'LT.3.31031.X10808 -M000', NULL, NULL, NULL, 2020, 2020, NULL, NULL, NULL, NULL, NULL, NULL, 'IN_USE', 'Kubota', NULL, NULL, 9, 12, 12, NULL, NULL, NULL, NULL, b'0', NULL),
	(2456, 'Tủ lạnh bảo quản', 'VH-2899A', '5DN120500032', 'N13-XXXXXX-17012023-XX2456', 'TL.3.31031.5DN120500032', NULL, NULL, NULL, 2017, 2017, NULL, NULL, NULL, NULL, NULL, NULL, 'IN_USE', 'Sanaky', NULL, NULL, 9, 0, 12, NULL, NULL, NULL, NULL, b'0', NULL),
	(2457, 'Máy Realtime PCR', 'Rotor Gene Q MDx', 'RO516311', 'N07-HT/TBK-23012023-XX2457', 'VS.3.31031.RO516311', NULL, NULL, NULL, 2017, 2017, NULL, NULL, NULL, NULL, NULL, 'LDLK', 'IN_USE', 'Qiagen', NULL, NULL, 9, 12, 0, NULL, NULL, NULL, NULL, b'0', NULL),
	(2459, 'Lồng cấy vi sinh', 'LC2.9', '39601372', 'N07-XXXXXX-23012023-XX2459', 'VS.3.31031.39601372', NULL, NULL, NULL, 1996, 1996, NULL, NULL, NULL, NULL, NULL, NULL, 'IN_USE', 'JOUAN', NULL, NULL, 9, 0, 0, NULL, NULL, NULL, NULL, b'0', NULL),
	(2461, 'Tủ ấm CO2', 'BJPX- C50', 'CO250IIX2004016', 'N07-XXXXXX-23012023-XX2461', 'VS.3.31031.CO250IIX2004016', NULL, NULL, NULL, 2020, 2020, NULL, NULL, NULL, NULL, NULL, NULL, 'IN_USE', 'Biobase', NULL, NULL, 9, 12, 12, NULL, NULL, NULL, NULL, b'0', NULL),
	(2462, 'Máy ly tâm', 'S300T', 'W80252 - M000', '1689163615014', 'VS.3.31031.W80252 - M000', NULL, NULL, NULL, 2020, 2020, NULL, NULL, NULL, NULL, NULL, NULL, 'IN_USE', 'Kubota', NULL, NULL, 9, 12, 12, NULL, NULL, NULL, NULL, b'0', NULL),
	(2463, 'Máy ly tâm', 'Pro-Sep.8', '215476', '1689171231587', 'VS.3.31031.215476', NULL, NULL, NULL, 2014, 2014, NULL, NULL, NULL, NULL, NULL, NULL, 'IN_USE', 'Centurion', NULL, NULL, 9, 12, 12, NULL, NULL, NULL, NULL, b'0', NULL),
	(2464, 'Tủ an toàn sinh học', 'Bio II advance', '10711', '1689330052689', 'VS.3.31031.10711', NULL, NULL, NULL, 2014, 2014, NULL, NULL, NULL, NULL, NULL, 'Máy mua', 'PENDING_HANDOVER', 'Azbil Telstar', NULL, NULL, 9, 12, 12, NULL, NULL, NULL, NULL, b'0', NULL),
	(2465, 'Tủ lạnh bảo quản', 'NR - BV308', '842S01506', '1689330075699', 'VS.3.31031.842S01506', NULL, NULL, NULL, 2017, 2017, NULL, NULL, NULL, NULL, NULL, NULL, 'IN_USE', 'Panasonic', NULL, NULL, 9, 0, 12, NULL, NULL, NULL, NULL, b'0', NULL),
	(2466, 'Tủ lạnh bảo quản', 'NR - BV288', '732S32292', 'N07-XXXXXX-24012023-XX2466', 'VS.3.31031.732S32292', NULL, NULL, NULL, 2018, 2018, NULL, NULL, NULL, NULL, NULL, NULL, 'NEW', 'Panasonic', NULL, NULL, NULL, 0, 12, NULL, NULL, NULL, NULL, b'0', NULL),
	(2467, 'Máy hấp tiệt trùng', 'SS-325', '32103182', 'N07-XXXXXX-24012023-XX2467', 'VS.3.31031.32103182', NULL, NULL, NULL, 2012, 2012, NULL, NULL, NULL, NULL, NULL, NULL, 'NEW', 'Tomy', NULL, NULL, NULL, 12, 12, NULL, NULL, NULL, NULL, b'0', NULL),
	(2470, 'Hệ thống tách chiết Starlet', '67930-03', 'F475', 'N07-XNVS/SH/DT-24012023-XX2470', 'VS.3.31031.F475', NULL, NULL, NULL, 2021, 2021, NULL, NULL, NULL, NULL, NULL, 'Cho tặng', 'NEW', 'Seegene', NULL, NULL, NULL, 6, 0, NULL, NULL, NULL, NULL, b'0', NULL),
	(2471, 'Máy Realtime PCR', 'CFX96 Dx', '787BR10291', 'N07-XXXXXX-24012023-XX2471', 'VS.3.31031.787BR10291', NULL, NULL, NULL, 2019, 2021, NULL, NULL, NULL, NULL, NULL, NULL, 'NEW', 'Bio-rad', NULL, NULL, NULL, 6, 0, NULL, NULL, NULL, NULL, b'0', NULL),
	(2473, 'Tủ an toàn sinh học', 'BSC-1300IIA2-X', 'BSC13A2011773', 'N07-XXXXXX-24012023-XX2473', 'VS.3.31031.BSC13A2011773', NULL, NULL, NULL, 2021, 2021, NULL, NULL, NULL, NULL, NULL, NULL, 'NEW', 'Biobase', NULL, NULL, NULL, 12, 12, NULL, NULL, NULL, NULL, b'0', NULL),
	(2474, 'Máy ly tâm', 'Mikro 185', '0002777-02', 'N07-XXXXXX-24012023-XX2474', 'VS.3.31031.0002777-02', NULL, NULL, NULL, 2020, 2021, NULL, NULL, NULL, NULL, NULL, NULL, 'NEW', 'Hettich', NULL, NULL, NULL, 12, 0, NULL, NULL, NULL, NULL, b'0', NULL),
	(2475, 'Máy ly tâm', 'D1008', 'HB206AR000', 'N07-XXXXXX-24012023-XX2475', 'VS.3.31031.HB206AR000', NULL, NULL, NULL, 2020, 2021, NULL, NULL, NULL, NULL, NULL, NULL, 'NEW', 'DLAB - Mỹ', NULL, NULL, NULL, 12, 0, NULL, NULL, NULL, NULL, b'0', NULL),
	(2476, 'Máy Votex', 'SE-04', 'AA58626T09', 'N07-HT/TBK-24012023-XX2476', 'VS.3.31031.AA58626T09', NULL, NULL, NULL, 2020, 2021, NULL, NULL, NULL, NULL, NULL, 'Máy mua', 'NEW', 'Taitec', NULL, NULL, NULL, 12, 0, NULL, NULL, NULL, NULL, b'0', NULL),
	(2477, 'Tủ lạnh bảo quản', 'NR -BL300', '111K25277', 'N07-XXXXXX-24012023-XX2477', 'VS.3.31031.111K25277', NULL, NULL, NULL, 2020, 2021, NULL, NULL, NULL, NULL, NULL, NULL, 'NEW', 'Panasonic', NULL, NULL, NULL, 0, 0, NULL, NULL, NULL, NULL, b'0', NULL),
	(2478, 'Tủ Pass box chuyển mẫu', 'MKVS0001', 'SKVS0001', 'N07-HT/TBK-24012023-XX2478', 'VS.3.31031.000000', NULL, NULL, NULL, 2020, 2021, NULL, NULL, NULL, NULL, NULL, 'Máy mua', 'NEW', 'Việt Nam', NULL, NULL, NULL, 0, 0, NULL, NULL, NULL, NULL, b'0', NULL),
	(2479, 'Bộ đếm giờ Tanita', 'TD384', 'SKVS0002', 'N07-HT/TBK-24012023-XX2479', 'VS.3.31031.000000', NULL, NULL, NULL, 2020, 2021, NULL, NULL, NULL, NULL, NULL, 'Máy mua', 'NEW', 'Tanita', NULL, NULL, NULL, 0, 0, NULL, NULL, NULL, NULL, b'0', NULL),
	(2480, 'Tủ thao tác PCR', 'LV-PCR07F', 'SKVS0003', 'N07-HT/TBK-24012023-XX2480', 'VS.3.31031.000000', NULL, NULL, NULL, 2021, 2021, NULL, NULL, NULL, NULL, NULL, 'Máy mua', 'NEW', 'Việt Nam', NULL, NULL, NULL, 12, 12, NULL, NULL, NULL, NULL, b'0', NULL),
	(2481, 'Tủ lạnh bảo quản', 'NR -BL300', '111K25196', 'N07-XXXXXX-24012023-XX2481', 'VS.3.31031.111K25196', NULL, NULL, NULL, 2020, 2021, NULL, NULL, NULL, NULL, NULL, NULL, 'NEW', 'Panasonic', NULL, NULL, NULL, 0, 12, NULL, NULL, NULL, NULL, b'0', NULL),
	(2482, 'Kính hiển vi', 'CX33RTFS2', '8E49161', 'N07-XXXXXX-25012023-XX2482', 'GPB.3.31031.8E49161', NULL, NULL, NULL, 2018, 2018, NULL, NULL, NULL, NULL, NULL, NULL, 'NEW', 'Olympus', NULL, NULL, NULL, 0, 0, NULL, NULL, NULL, NULL, b'0', NULL),
	(2483, 'Camera chuyên dụng dùng cho kính hiển vi CX33', 'LP114000A', '2001020021', 'N07-XXXXXX-25012023-XX2483', 'GPB.3.31031.2001020021', NULL, NULL, NULL, 2020, 2020, NULL, NULL, NULL, NULL, NULL, NULL, 'NEW', 'Touptex', NULL, NULL, NULL, 0, 0, NULL, NULL, NULL, NULL, b'0', NULL),
	(2484, 'Mắy cắt tiêu bản', 'GPB.01', 'MTC.CPBPGP02', 'N07-XXXXXX-25012023-XX2484', 'GPB.3.31031.MTC.CPBPGP02', NULL, NULL, NULL, 2007, 2007, NULL, NULL, NULL, NULL, NULL, NULL, 'NEW', 'Trung quốc', NULL, NULL, NULL, 0, 0, NULL, NULL, NULL, NULL, b'0', NULL),
	(2485, 'Tủ ấm Memmert', 'IN 110 Plus', 'SGPBL0001', 'N07-HT/TBK-25012023-XX2485', 'GPB.3.31031.SGPBL0001', NULL, NULL, NULL, 2015, 2015, NULL, NULL, NULL, NULL, NULL, 'Máy mua', 'NEW', 'Memmert', NULL, NULL, NULL, 12, 12, NULL, NULL, NULL, NULL, b'0', NULL),
	(2486, 'Máy cách thủy', 'MGPBL0001', 'SGPBL0002', 'N07-HT/TBK-25012023-XX2486', 'GPB.3.31031.000000', NULL, NULL, NULL, 1995, 1995, NULL, NULL, NULL, NULL, NULL, 'Máy mua', 'NEW', 'Trung Quốc', NULL, NULL, NULL, 0, 0, NULL, NULL, NULL, NULL, b'0', NULL),
	(2487, 'Tủ Lạnh bảo quản', 'MGPBL0002', 'SGPBL0003', 'N07-XXXBQL-25012023-XX2487', 'GPB.3.31031.000000', NULL, NULL, NULL, 2007, 2007, NULL, NULL, NULL, NULL, NULL, 'Máy mua', 'NEW', 'Daewoo', NULL, NULL, NULL, 0, 12, NULL, NULL, NULL, NULL, b'0', NULL),
	(2488, 'Tủ lạnh bảo quản', 'FR-125CI', '8C118H357033', 'N07-XXXXXX-25012023-XX2488', 'GPB.3.31031.8C118H357033', NULL, NULL, NULL, 2007, NULL, NULL, NULL, NULL, NULL, NULL, NULL, 'NEW', 'FINIKI', NULL, NULL, NULL, 0, 12, NULL, NULL, NULL, NULL, b'0', NULL),
	(2489, 'Máy điện tim', 'ECG - 1150K', '16201', 'N10-XXXXXX-25012023-XX2489', 'ĐT.3.31031.16201', NULL, NULL, NULL, 2015, 2015, NULL, NULL, NULL, NULL, NULL, NULL, 'NEW', 'Nihon Kohden', NULL, NULL, NULL, 12, 24, NULL, NULL, NULL, NULL, b'0', NULL),
	(2490, 'Máy lưu huyết não', 'RG9411', '100918', 'N10-XXĐLHN-25012023-XX2490', 'LHN.3.31031.100918', NULL, NULL, NULL, 2011, 2011, NULL, NULL, NULL, NULL, NULL, 'SYT cấp', 'NEW', 'Singel', NULL, NULL, NULL, 12, 0, NULL, NULL, NULL, NULL, b'0', NULL),
	(2491, 'Máy Đo Mật Độ Loãng Xương', 'OSTEO pro', 'BMT-16-197', 'N01-XXXMXQ-25012023-XX2491', 'LX.3.31031.BMT-16-197', NULL, NULL, NULL, 2016, 2016, NULL, NULL, NULL, NULL, NULL, NULL, 'NEW', 'B.M.Tech', NULL, NULL, NULL, 12, 0, NULL, NULL, NULL, NULL, b'0', NULL),
	(2492, 'Máy điện não', 'KT88', '20070400001', 'N10-XXXMĐN-25012023-XX2492', 'ĐN.3.31031.20070400001', NULL, NULL, NULL, 2020, 2020, NULL, NULL, NULL, NULL, NULL, 'Máy mua', 'NEW', 'Contec Medical', NULL, NULL, NULL, 12, 24, NULL, NULL, NULL, NULL, b'0', NULL),
	(2493, 'Hệ thống  đo chức năng hô hấp-1', 'KOKO-PFT', '1438K3583', 'N10-XXXXXX-25012023-XX2493', 'HH.3.31031.1438K3583', NULL, NULL, NULL, 2010, NULL, NULL, NULL, NULL, NULL, NULL, NULL, 'NEW', 'USA', NULL, NULL, NULL, 0, 0, NULL, NULL, NULL, NULL, b'0', NULL),
	(2494, 'Hệ thống  đo chức năng hô hấp - 2', '3-L Calibration Syringe', '553-43218', 'N10-XXXXXX-25012023-XX2494', 'CAL.3.31031.553-43218', NULL, NULL, NULL, 2010, NULL, NULL, NULL, NULL, NULL, NULL, NULL, 'NEW', 'NULL', NULL, NULL, NULL, 0, 0, NULL, NULL, NULL, NULL, b'0', NULL),
	(2495, 'Hệ thống  đo chức năng hô hấp - 3', 'PC ROBO', 'SKKB0001', 'N10-XXXĐHH-25012023-XX2495', 'PC.3.31031.000000', NULL, NULL, NULL, 2010, NULL, NULL, NULL, NULL, NULL, NULL, NULL, 'NEW', 'NULL', NULL, NULL, NULL, 0, 0, NULL, NULL, NULL, NULL, b'0', NULL),
	(2496, 'Hệ thống  đo chức năng hô hấp - 4', 'Màn hình HP-V201', '3CQ415126Q', 'N10-XXXXXX-25012023-XX2496', 'MH.3.31031.3CQ415126Q', NULL, NULL, NULL, 2010, NULL, NULL, NULL, NULL, NULL, NULL, NULL, 'NEW', 'NULL', NULL, NULL, NULL, 0, 0, NULL, NULL, NULL, NULL, b'0', NULL),
	(2497, 'Hệ thống  đo chức năng hô hấp - 5', 'Máy in HP laserJet P1102', 'VNF3C67317', 'N10-XXXXXX-25012023-XX2497', 'MIN.3.31031.VNF3C67317', NULL, NULL, NULL, 2030, NULL, NULL, NULL, NULL, NULL, NULL, NULL, 'NEW', 'NULL', NULL, NULL, NULL, 0, 0, NULL, NULL, NULL, NULL, b'0', NULL),
	(2498, 'Máy đo nồng độ Oxy trong máu SPO2', 'PO 30', '2020F17004290', 'N02-XXXXXX-25012023-XX2498', 'ĐOX.3.31031.2020F17004290', NULL, NULL, NULL, 2020, 2020, NULL, NULL, NULL, NULL, NULL, NULL, 'NEW', 'Beurer', NULL, NULL, NULL, 0, 0, NULL, NULL, NULL, NULL, b'0', NULL),
	(2499, 'Máy đo độ cong giác mạc KERAT OMETTER', 'KM-1', '2015431', 'N06-XXXXXX-25012023-XX2499', 'GM.3.31031.2015431', NULL, NULL, NULL, 2017, 2017, NULL, NULL, NULL, NULL, NULL, NULL, 'NEW', 'Takagi', NULL, NULL, NULL, 12, 0, NULL, NULL, NULL, NULL, b'0', NULL),
	(2500, 'Hệ thống vi phẫu thuật mắt', 'OM - 5', '2019467', 'N06-XXXXXX-25012023-XX2500', 'VP.3.31031.2019467', NULL, NULL, NULL, 2017, 2018, NULL, NULL, NULL, NULL, NULL, NULL, 'NEW', 'Takagi', NULL, NULL, NULL, 12, 0, NULL, NULL, NULL, NULL, b'0', NULL),
	(2501, 'Máy siêu âm', 'AL-100', '735501', 'N01-XXXXXX-25012023-XX2501', 'SA.3.31031.735501', NULL, NULL, NULL, 2017, 2017, NULL, NULL, NULL, NULL, NULL, NULL, 'NEW', 'Tomey', NULL, NULL, NULL, 12, 0, NULL, NULL, NULL, NULL, b'0', NULL),
	(2502, 'Máy điện tim', 'ECG - 9620L', '19269', 'N10-XXXXXX-25012023-XX2502', 'ĐT.3.31031.19269', NULL, NULL, NULL, 2008, 2008, NULL, NULL, NULL, NULL, NULL, NULL, 'NEW', 'Nihon Kohden', NULL, NULL, NULL, 12, 24, NULL, NULL, NULL, NULL, b'0', NULL),
	(2503, 'Hệ thống phẫu Thuật Phaco Protege', 'DPX-100', 'P12604', 'N06-XXXXXX-25012023-XX2503', 'PC.2.31031.P12604', NULL, NULL, NULL, 2007, 2009, NULL, NULL, NULL, NULL, NULL, NULL, 'NEW', 'Karl Stoz', NULL, NULL, NULL, 12, 0, NULL, NULL, NULL, NULL, b'0', NULL),
	(2504, 'Kính sinh hiển vi khám mắt', 'YZ5J', '990172', 'N06-XXXXXX-25012023-XX2504', 'HV.1.31031.990172', NULL, NULL, NULL, 2011, 2011, NULL, NULL, NULL, NULL, NULL, NULL, 'NEW', '67 VISION TECH', NULL, NULL, NULL, 0, 0, NULL, NULL, NULL, NULL, b'0', NULL),
	(2505, 'Kính sinh hiển vi khám mắt', 'YZ5F', '01274', 'N06-XXXXXX-25012023-XX2505', 'HV.1.31031.01274', NULL, NULL, NULL, 2000, 2000, NULL, NULL, NULL, NULL, NULL, NULL, 'NEW', '67 VISION TECH', NULL, NULL, NULL, 0, 0, NULL, NULL, NULL, NULL, b'0', NULL),
	(2506, 'đèn soi đáy mắt KEELER', '1128-P-1014', 'SKM0001', 'N06-XXXCKM-25012023-XX2506', 'ĐS.3.31031.000000', NULL, NULL, NULL, 2016, 2017, NULL, NULL, NULL, NULL, NULL, 'Máy mua', 'NEW', 'KEELER', NULL, NULL, NULL, 0, 0, NULL, NULL, NULL, NULL, b'0', NULL),
	(2507, 'đèn soi đáy mắt KEELER', '1128-P-1014', 'SKM0002', 'N06-XXXCKM-25012023-XX2507', 'ĐS.3.31031.000000', NULL, NULL, NULL, 2016, 2017, NULL, NULL, NULL, NULL, NULL, 'Máy mua', 'NEW', 'KEELER', NULL, NULL, NULL, 0, 0, NULL, NULL, NULL, NULL, b'0', NULL),
	(2508, 'Máy hấp ướt', 'SA-300E', 'A-0010763', 'N06-XXXXXX-25012023-XX2508', 'HU.3.31031.A-0010763', NULL, NULL, NULL, 2007, 2007, NULL, NULL, NULL, NULL, NULL, NULL, 'NEW', 'Sturdy', NULL, NULL, NULL, 12, 0, NULL, NULL, NULL, NULL, b'0', NULL),
	(2509, 'Hộp kính thử thị lực', 'K-350-A', 'SO 1710100395', 'N06-XXXXXX-25012023-XX2509', 'KTL.3.31031.SO 1710100395', NULL, NULL, NULL, 2017, 2017, NULL, NULL, NULL, NULL, NULL, NULL, 'NEW', 'INAMI', NULL, NULL, NULL, 0, 0, NULL, NULL, NULL, NULL, b'0', NULL),
	(2510, 'Tay cầm Phaco', 'DP8020', '94471', 'N06-XXXXXX-25012023-XX2510', 'TC.3.1031.94471', NULL, NULL, NULL, 2016, 2016, NULL, NULL, NULL, NULL, NULL, NULL, 'NEW', 'NIDEK', NULL, NULL, NULL, 0, 0, NULL, NULL, NULL, NULL, b'0', NULL),
	(2511, 'Bộ xử lý ảnh', 'OM-822A', '2220652', 'N11-XXNSCĐ-15102022-XX2511', 'XLA.3.31031.220652', NULL, NULL, NULL, 2017, 2018, NULL, NULL, NULL, NULL, NULL, NULL, 'NEW', 'Ouman', NULL, NULL, NULL, 0, 0, NULL, NULL, NULL, NULL, b'0', NULL),
	(2512, 'Nguồn sáng', 'OM-826A', '2221228', 'N11-XXNSCĐ-15102022-XX2512', 'NS.3.31031.221228', NULL, NULL, NULL, 2017, 2018, NULL, NULL, NULL, NULL, NULL, NULL, 'NEW', 'Ouman', NULL, NULL, NULL, 0, 0, NULL, NULL, NULL, NULL, b'0', NULL),
	(2513, 'Máy khí dung', 'NE - C29', '20120900285UF', 'N02-XXXMKD-30102022-XX2513', 'KD.3.31031.000000', NULL, NULL, NULL, 2012, 2012, NULL, NULL, NULL, NULL, NULL, 'Máy mua', 'NEW', 'OMRON', NULL, NULL, NULL, 0, 0, NULL, NULL, NULL, NULL, b'0', NULL),
	(2514, 'Máy hút dịch ', '7A-23D', '2542007', 'N02-XXXMHD-15102022-XX2514', 'HD.3.31031.542007', NULL, NULL, NULL, 2007, 2007, NULL, NULL, NULL, NULL, NULL, NULL, 'NEW', 'Yuwell', NULL, NULL, NULL, 0, 0, NULL, NULL, NULL, NULL, b'0', NULL),
	(2515, 'Máy hút dịch ', '7A-23D', '101000365', 'N02-XXXMHD-15102022-XX2515', 'HD.3.31031.000365', NULL, NULL, NULL, 2007, 2007, NULL, NULL, NULL, NULL, NULL, NULL, 'NEW', 'Yuwell', NULL, NULL, NULL, 0, 0, NULL, NULL, NULL, NULL, b'0', NULL),
	(2516, 'Nồi luộc Electrically Heater', '420B', 'STMH0001', 'N06-XXXTMH-30102022-XX2516', 'NL.3.31031.000001', NULL, NULL, NULL, 2018, 2018, NULL, NULL, NULL, NULL, NULL, 'Máy mua', 'NEW', 'NULL', NULL, NULL, NULL, 0, 0, NULL, NULL, NULL, NULL, b'0', NULL),
	(2517, 'Máy xông TMH OMRON', 'NE - C08 - C', '31353', 'N06-XXXTMH-30102022-XX2517', 'MX.3.31031.031353', NULL, NULL, NULL, 2030, NULL, NULL, NULL, NULL, NULL, NULL, 'Máy mua', 'NEW', 'OMRON', NULL, NULL, NULL, 0, 0, NULL, NULL, NULL, NULL, b'0', NULL),
	(2518, 'Tủ sấy ', 'UM -200', 'B296-1490', 'N06-XXXTMH-15102022-XX2518', 'TS.3.31031.961490', NULL, NULL, NULL, 2030, NULL, NULL, NULL, NULL, NULL, NULL, NULL, 'NEW', 'Memmert', NULL, NULL, NULL, 0, 0, NULL, NULL, NULL, NULL, b'0', NULL),
	(2519, 'Nồi luộc YXF D21', 'YXF D21', '2570095', 'N06-XXXTMH-24102022-XX2519', NULL, NULL, NULL, NULL, 1994, 1994, NULL, NULL, NULL, NULL, NULL, 'Máy mua', 'NEW', 'NULL', NULL, NULL, NULL, 0, 0, NULL, NULL, NULL, NULL, b'0', NULL),
	(2520, 'Đèn soi đáy mắt', 'H880', 'STMH0002', 'N06-XXXCKM-25012023-XX2520', 'ĐS.3.31031.000000', NULL, NULL, NULL, 2016, NULL, NULL, NULL, NULL, NULL, NULL, 'Máy mua', 'NEW', 'NULL', NULL, NULL, NULL, 0, 0, NULL, NULL, NULL, NULL, b'0', NULL),
	(2522, 'Ghế Răng Hàm Mặt PE1', 'PE1', '1057', 'N06-XXXXXX-25012023-XX2522', 'GR.3.31031.1057', NULL, NULL, NULL, 1996, 1996, NULL, NULL, NULL, NULL, NULL, NULL, 'NEW', 'Quetin', NULL, NULL, NULL, 12, 0, NULL, NULL, NULL, NULL, b'0', NULL),
	(2523, 'Máy lấy cao răng maverick', 'APT/M1', 'C45358', 'N06-XXXXXX-25012023-XX2523', 'CR.3.31031.C45358', NULL, NULL, NULL, 2017, 2017, NULL, NULL, NULL, NULL, NULL, NULL, 'NEW', 'Maverick', NULL, NULL, NULL, 0, 0, NULL, NULL, NULL, NULL, b'0', NULL),
	(2524, 'Đèn quang trùng hợp', 'LITEX 608A', 'B03577', 'N06-XXXXXX-25012023-XX2524', 'QTH.3.31031.B03577', NULL, NULL, NULL, 2017, 2017, NULL, NULL, NULL, NULL, NULL, NULL, 'NEW', 'DENTAMERICA', NULL, NULL, NULL, 0, 0, NULL, NULL, NULL, NULL, b'0', NULL),
	(2526, 'Máy hút dịch', 'HC-DX23-I', 'SRHM0002', 'N02-XXXMHD-25012023-XX2526', 'HD.3.31031.000000', NULL, NULL, NULL, 2003, 2004, NULL, NULL, NULL, NULL, NULL, 'Máy mua', 'NEW', 'NULL', NULL, NULL, NULL, 3, 0, NULL, NULL, NULL, NULL, b'0', NULL),
	(2527, 'Tủ sấy Electric - Oven', 'NULL', 'SRHM0003', 'N06-XXXRHM-25012023-XX2527', 'TS.3.31031.000000', NULL, NULL, NULL, 2017, 2017, NULL, NULL, NULL, NULL, NULL, 'Máy mua', 'NEW', 'NULL', NULL, NULL, NULL, 0, 0, NULL, NULL, NULL, NULL, b'0', NULL),
	(2531, 'Máy nén khí', 'BF - ZW005/7', 'BF2009ND3Y06R048', 'N02-XXXXXX-25012023-XX2531', 'NK.3.31031.BF2009ND3Y06R048', NULL, NULL, NULL, 2008, 2008, NULL, NULL, NULL, NULL, NULL, NULL, 'NEW', 'NULL', NULL, NULL, NULL, 0, 0, NULL, NULL, NULL, NULL, b'0', NULL),
	(2534, 'Trạm biến áp 400KVA', 'BAD', '12056', 'N13-HT/TBK-23102022-XX2534', NULL, NULL, NULL, NULL, 2013, 2013, NULL, NULL, NULL, NULL, NULL, NULL, 'NEW', 'HAVEC', NULL, NULL, NULL, 12, 0, NULL, NULL, NULL, NULL, b'0', NULL),
	(2535, 'Trạm biến áp 630KVA', '630.22/0,4', '62001027', 'N13-HT/TBK-23102022-XX2535', NULL, NULL, NULL, NULL, 2020, 2021, NULL, NULL, NULL, NULL, NULL, NULL, 'NEW', 'CTC', NULL, NULL, NULL, 0, 0, NULL, NULL, NULL, NULL, b'0', NULL),
	(2536, 'Máy hấp tiệt trùng', 'SA-500', '091221011-001', 'N08-XXXXXX-15112022-XX2536', 'NH.1.31031.011001', NULL, NULL, NULL, 2009, 2009, NULL, NULL, NULL, NULL, NULL, NULL, 'NEW', 'Sturdy Industrial', NULL, NULL, NULL, 3, 12, NULL, NULL, NULL, NULL, b'0', NULL),
	(2537, 'Máy hấp tiệt trùng', 'TC -600', '1703633', 'N08-XXXXXX-15112022-XX2537', 'NH.3.31031.703633', NULL, NULL, NULL, 2017, 2017, NULL, NULL, NULL, NULL, NULL, NULL, 'NEW', 'GEMMY', NULL, NULL, NULL, 0, 12, NULL, NULL, NULL, NULL, b'0', NULL),
	(2538, 'Tủ sấy AXYOS', 'MKSNK0001', '5097', 'N08-XXTSDC-31102022-XX2538', 'TS.3.31031.005097', NULL, NULL, NULL, 2005, 2005, NULL, NULL, NULL, NULL, NULL, 'SYT cấp', 'NEW', 'NULL', NULL, NULL, NULL, 0, 0, NULL, NULL, NULL, NULL, b'0', NULL),
	(2539, 'Tủ sấy', 'UN260', 'B16.0739', 'N08-XXXXXX-04112022-XX2539', 'TS.3.31031.160739', NULL, NULL, NULL, 2016, 2016, NULL, NULL, NULL, NULL, NULL, NULL, 'NEW', 'Memmert', NULL, NULL, NULL, 0, 0, NULL, NULL, NULL, NULL, b'0', NULL),
	(2540, 'Tủ sấy', 'UN 200', 'b295-1601', 'N08-XXXXXX-04112022-XX2540', 'TS.3.31031.951601', NULL, NULL, NULL, 2017, 2017, NULL, NULL, NULL, NULL, NULL, NULL, 'NEW', 'Memmert', NULL, NULL, NULL, 0, 0, NULL, NULL, NULL, NULL, b'0', NULL),
	(2541, 'Máy giặt ', 'WED 60', '43465', 'N08-XXGVCN-23102022-XX2541', 'MG.3.31031.043465', NULL, NULL, NULL, 2012, NULL, NULL, NULL, NULL, NULL, NULL, NULL, 'NEW', 'DANUBE', NULL, NULL, NULL, 3, 0, NULL, NULL, NULL, NULL, b'0', NULL),
	(2542, 'Máy giặt ', 'DLS - 60 TOUCH E', '8101001439', 'N08-XXGVCN-15102022-XX2542', 'MG.3.31031.001439', NULL, NULL, NULL, 2017, 2018, NULL, NULL, NULL, NULL, NULL, NULL, 'NEW', 'DOMUS', NULL, NULL, NULL, 0, 0, NULL, NULL, NULL, NULL, b'0', NULL),
	(2543, 'Máy giặt ', 'DLS - 60 E COMFORT', '8101013859', 'N08-XXXSĐV-23102022-XX2543', 'MS.3.31031.013859', NULL, NULL, NULL, 2017, 2018, NULL, NULL, NULL, NULL, NULL, NULL, 'NEW', 'DOMUS', NULL, NULL, NULL, 0, 0, NULL, NULL, NULL, NULL, b'0', NULL),
	(2544, 'Máy giặt ', 'SMI30EL', '9812015922 / 1998', 'N08-XXXSĐV-23102022-XX2544', 'MS.3.31031.221998', NULL, NULL, NULL, 2030, NULL, NULL, NULL, NULL, NULL, NULL, NULL, 'NEW', 'GIRBAU', NULL, NULL, NULL, 0, 0, NULL, NULL, NULL, NULL, b'0', NULL),
	(2545, 'Máy vắt Công nghiệp', 'Việt Nam', 'SKSNK0002', 'N08-XXGVCN-31102022-XX2545', 'MV.3.31031.000000', NULL, NULL, NULL, 2030, NULL, NULL, NULL, NULL, NULL, NULL, NULL, 'NEW', 'Việt Nam', NULL, NULL, NULL, 0, 0, NULL, NULL, NULL, NULL, b'0', NULL),
	(2546, 'Bàn kéo giãn cổ cột sống', 'RXPC-400D', '16M05NEI', 'N12-XXXXXX-25012023-XX2546', 'GC.1.31031.16M05NEI', NULL, NULL, NULL, 2014, 2014, NULL, NULL, NULL, NULL, NULL, NULL, 'NEW', 'Redleaf', NULL, NULL, NULL, 12, 0, NULL, NULL, NULL, NULL, b'0', NULL),
	(2547, 'Máy điện phân', 'Jonogamma 4S', 'J4 061502', 'N12-XXXXXX-25012023-XX2547', 'ĐP.3.1031.J4 061502', NULL, NULL, NULL, 2015, 2016, NULL, NULL, NULL, NULL, NULL, NULL, 'NEW', 'Technolaser', NULL, NULL, NULL, 12, 0, NULL, NULL, NULL, NULL, b'0', NULL),
	(2548, 'Máy điện phân', 'Jonogamma 2S', 'J2101001', 'N12-XXXXXX-25012023-XX2548', 'ĐP.1.31031.J2101001', NULL, NULL, NULL, 2010, 2010, NULL, NULL, NULL, NULL, NULL, NULL, 'NEW', 'Technolaser', NULL, NULL, NULL, 12, 0, NULL, NULL, NULL, NULL, b'0', NULL),
	(2549, 'Máy siêu âm điều trị đa tần', 'US13', 'US062604', 'N12-XXXXXX-25012023-XX2549', 'SA.3.31031.US062604', NULL, NULL, NULL, 2017, 2018, NULL, NULL, NULL, NULL, NULL, NULL, 'NEW', 'Cosmogamma', NULL, NULL, NULL, 12, 0, NULL, NULL, NULL, NULL, b'0', NULL),
	(2550, 'Máy điều trị sóng ngắn', 'CDB -1', '261116', 'N12-XXXXXX-25012023-XX2550', 'SN.3.31031.261116', NULL, NULL, NULL, 2010, 2010, NULL, NULL, NULL, NULL, NULL, NULL, 'NEW', 'Trung Quốc', NULL, NULL, NULL, 12, 0, NULL, NULL, NULL, NULL, b'0', NULL),
	(2551, 'Máy sắc thuốc', 'ST - 16', '000', 'N12-HT/TBK-25012023-XX2551', 'ST.3.31031.000000', NULL, NULL, NULL, 2020, NULL, NULL, NULL, NULL, NULL, NULL, 'Máy mua', 'NEW', 'NAMDO', NULL, NULL, NULL, 12, 0, NULL, NULL, NULL, NULL, b'0', NULL),
	(2552, 'Máy điện châm MEDCINE', '04-05 JH', '00', 'N12-XXVLTL-25012023-XX2552', 'ĐC.3.31031.000000', NULL, NULL, NULL, 2011, 2011, NULL, NULL, NULL, NULL, NULL, 'Máy mua', 'NEW', 'MEDCINE', NULL, NULL, NULL, 0, 0, NULL, NULL, NULL, NULL, b'0', NULL),
	(2553, 'Máy điện châm MEDCINE', '04-05 JH', '00000', 'N12-XXVLTL-25012023-XX2553', 'ĐC.3.31031.000000', NULL, NULL, NULL, 2011, 2011, NULL, NULL, NULL, NULL, NULL, 'Máy mua', 'NEW', 'MEDCINE', NULL, NULL, NULL, 0, 0, NULL, NULL, NULL, NULL, b'0', NULL),
	(2560, 'Máy điện châm', 'SDZ-II', 'D002R20B000346W', 'N12-XXXXXX-25012023-XX2560', 'ĐC.3.31031.D002R20B000346W', NULL, NULL, NULL, 2020, 2021, NULL, NULL, NULL, NULL, NULL, NULL, 'NEW', 'Suzhou Medical', NULL, NULL, NULL, 0, 0, NULL, NULL, NULL, NULL, b'0', NULL),
	(2561, 'Máy điện châm', 'SDZ-II', 'D002R20B000347W', 'N12-XXXXXX-25012023-XX2561', 'ĐC.3.31031.D002R20B000347W', NULL, NULL, NULL, 2020, 2021, NULL, NULL, NULL, NULL, NULL, NULL, 'NEW', 'Suzhou Medical', NULL, NULL, NULL, 0, 0, NULL, NULL, NULL, NULL, b'0', NULL),
	(2562, 'Máy điện châm', 'SDZ-II', 'D002R20B000376W', 'N12-XXXXXX-25012023-XX2562', 'ĐC.3.31031.D002R20B000376W', NULL, NULL, NULL, 2020, 2021, NULL, NULL, NULL, NULL, NULL, NULL, 'NEW', 'Suzhou Medical', NULL, NULL, NULL, 0, 0, NULL, NULL, NULL, NULL, b'0', NULL),
	(2563, 'Máy điện châm', 'SDZ-II', 'D002R20B000366W', 'N12-XXXXXX-25012023-XX2563', 'ĐC.3.31031.D002R20B000366W', NULL, NULL, NULL, 2020, 2021, NULL, NULL, NULL, NULL, NULL, NULL, 'NEW', 'Suzhou Medical', NULL, NULL, NULL, 12, 0, NULL, NULL, NULL, NULL, b'0', NULL),
	(2564, 'Máy điện châm', 'SDZ-II', 'D002R20B000378W', 'N12-XXXXXX-25012023-XX2564', 'ĐC.3.31031.D002R20B000378W', NULL, NULL, NULL, 2020, 2021, NULL, NULL, NULL, NULL, NULL, NULL, 'NEW', 'Suzhou Medical', NULL, NULL, NULL, 0, 0, NULL, NULL, NULL, NULL, b'0', NULL),
	(2565, 'Máy điện châm', 'SDZ-II', 'D002R20B000380W', 'N12-XXXXXX-25012023-XX2565', 'ĐC.3.31031.D002R20B000380W', NULL, NULL, NULL, 2020, 2021, NULL, NULL, NULL, NULL, NULL, NULL, 'NEW', 'Suzhou Medical', NULL, NULL, NULL, 0, 0, NULL, NULL, NULL, NULL, b'0', NULL),
	(2566, 'Máy điện châm', 'SDZ-II', 'D002R20B000381W', 'N12-XXXXXX-25012023-XX2566', 'ĐC.3.31031.D002R20B000381W', NULL, NULL, NULL, 2020, 2021, NULL, NULL, NULL, NULL, NULL, NULL, 'NEW', 'Suzhou Medical', NULL, NULL, NULL, 0, 0, NULL, NULL, NULL, NULL, b'0', NULL),
	(2567, 'Máy điện châm', 'SDZ-II', 'D002R20B000382W', 'N12-XXXXXX-25012023-XX2567', 'ĐC.3.31031.D002R20B000382W', NULL, NULL, NULL, 2020, 2021, NULL, NULL, NULL, NULL, NULL, NULL, 'NEW', 'Suzhou Medical', NULL, NULL, NULL, 0, 0, NULL, NULL, NULL, NULL, b'0', NULL),
	(2568, 'Máy điện châm', 'SDZ-II', 'D002R20B000383W', 'N12-XXXXXX-25012023-XX2568', 'ĐC.3.31031.D002R20B000383W', NULL, NULL, NULL, 2020, 2021, NULL, NULL, NULL, NULL, NULL, NULL, 'NEW', 'Suzhou Medical', NULL, NULL, NULL, 0, 0, NULL, NULL, NULL, NULL, b'0', NULL),
	(2569, 'Máy điện châm', 'SDZ-II', 'D002R20B000384W', 'N12-XXXXXX-25012023-XX2569', 'ĐC.3.31031.D002R20B000384W', NULL, NULL, NULL, 2020, 2021, NULL, NULL, NULL, NULL, NULL, NULL, 'NEW', 'Suzhou Medical', NULL, NULL, NULL, 0, 0, NULL, NULL, NULL, NULL, b'0', NULL),
	(2570, 'Hệ thống lọc nước RO1 ', 'RO1/CDLF4-19FSWSC', '1610018161', 'N08-XXXXRO-12102022-XX2570', 'LN.3.31031.018161', NULL, NULL, NULL, 2008, 2008, NULL, NULL, NULL, NULL, NULL, NULL, 'NEW', 'NULL', NULL, NULL, NULL, 6, 12, '2022-11-09 00:00:00', NULL, NULL, NULL, b'0', NULL),
	(2571, 'Hệ thống lọc nước RO2', 'RO1/CDLF4-19FSWSC', '1610018159', 'N08-XXXXRO-23102022-XX2571', 'LN.2.31031.018159', NULL, NULL, NULL, 2017, 2017, NULL, NULL, NULL, NULL, NULL, NULL, 'NEW', 'NULL', NULL, NULL, NULL, 12, 0, NULL, NULL, NULL, NULL, b'0', NULL),
	(2573, 'Máy thận nhân tạo', 'SURDIAL', '08T5869', 'N03-XXXXXX-25012023-XX2573', 'TNT.3.31031.08T5869', NULL, NULL, NULL, 2008, 2008, NULL, NULL, NULL, NULL, NULL, NULL, 'NEW', 'Nipro', NULL, NULL, NULL, 6, 0, NULL, NULL, NULL, NULL, b'0', NULL),
	(2574, 'Máy thận nhân tạo', 'SURDIAL', '07T5577', 'N03-XXXXXX-25012023-XX2574', 'TNT.3.31031.07T5577', NULL, NULL, NULL, 2007, 2008, NULL, NULL, NULL, NULL, NULL, NULL, 'NEW', 'Nipro', NULL, NULL, NULL, 6, 0, NULL, NULL, NULL, NULL, b'0', NULL),
	(2575, 'Máy thận nhân tạo', 'SURDIAL', '08T5870', 'N03-XXXXXX-25012023-XX2575', 'TNT.3.31031.08T5870', NULL, NULL, NULL, 2008, 2008, NULL, NULL, NULL, NULL, NULL, NULL, 'NEW', 'Nipro', NULL, NULL, NULL, 6, 0, NULL, NULL, NULL, NULL, b'0', NULL),
	(2576, 'Máy thận nhân tạo', 'SURDIAL', '08T5871', 'N03-XXXXXX-25012023-XX2576', 'TNT.3.31031.08T5871', NULL, NULL, NULL, 2008, 2008, NULL, NULL, NULL, NULL, NULL, NULL, 'NEW', 'Nipro', NULL, NULL, NULL, 6, 0, NULL, NULL, NULL, NULL, b'0', NULL),
	(2577, 'Máy thận nhân tạo', 'SURDIAL', '08T5872', 'N03-XXXXXX-25012023-XX2577', 'TNT.3.31031.08T5872', NULL, NULL, NULL, 2008, 2008, NULL, NULL, NULL, NULL, NULL, NULL, 'NEW', 'Nipro', NULL, NULL, NULL, 6, 0, NULL, NULL, NULL, NULL, b'0', NULL),
	(2578, 'Máy thận nhân tạo', 'SURDIAL', '09T6606', 'N03-XXXXXX-25012023-XX2578', 'TNT.3.31031.09T6606', NULL, NULL, NULL, 2009, 2009, NULL, NULL, NULL, NULL, NULL, NULL, 'NEW', 'Nipro', NULL, NULL, NULL, 6, 0, NULL, NULL, NULL, NULL, b'0', NULL),
	(2579, 'Máy thận nhân tạo', 'SURDIAL', '09T6607', 'N03-XXXXXX-25012023-XX2579', 'TNT.3.31031.09T6607', NULL, NULL, NULL, 2009, 2009, NULL, NULL, NULL, NULL, NULL, NULL, 'NEW', 'Nipro', NULL, NULL, NULL, 6, 0, NULL, NULL, NULL, NULL, b'0', NULL),
	(2580, 'Máy thận nhân tạo', 'SURDIAL', '09T6833', 'N03-XXXXXX-25012023-XX2580', 'TNT.3.31031.09T6833', NULL, NULL, NULL, 2009, 2009, NULL, NULL, NULL, NULL, NULL, NULL, 'NEW', 'Nipro', NULL, NULL, NULL, 6, 0, NULL, NULL, NULL, NULL, b'0', NULL),
	(2581, 'Máy thận nhân tạo', 'SURDIAL', '09T6835', 'N03-XXXXXX-25012023-XX2581', 'TNT.3.31031.09T6835', NULL, NULL, NULL, 2009, 2009, NULL, NULL, NULL, NULL, NULL, NULL, 'NEW', 'Nipro', NULL, NULL, NULL, 6, 0, NULL, NULL, NULL, NULL, b'0', NULL),
	(2582, 'Máy thận nhân tạo', 'SURDIAL', '09T6829', 'N03-XXXXXX-25012023-XX2582', 'TNT.3.31031.09T6829', NULL, NULL, NULL, 2009, 2009, NULL, NULL, NULL, NULL, NULL, NULL, 'NEW', 'Nipro', NULL, NULL, NULL, 6, 0, NULL, NULL, NULL, NULL, b'0', NULL),
	(2583, 'Máy thận nhân tạo', 'SURDIAL', '10T7592', 'N03-XXXXXX-25012023-XX2583', 'TNT.3.31031.10T7592', NULL, 'Thay nguồn cho máy', NULL, 2010, 2010, NULL, NULL, NULL, NULL, NULL, NULL, 'NEW', 'Nipro', NULL, NULL, NULL, 6, 0, NULL, NULL, NULL, NULL, b'0', NULL),
	(2584, 'Máy thận nhân tạo', 'SURDIAL', '10T7590', 'N03-XXXXXX-25012023-XX2584', 'TNT.3.31031.10T7590', NULL, NULL, NULL, 2010, 2010, NULL, NULL, NULL, NULL, NULL, NULL, 'NEW', 'Nipro', NULL, NULL, NULL, 6, 0, NULL, NULL, NULL, NULL, b'0', NULL),
	(2585, 'Máy thận nhân tạo', 'SURDIAL', '10T7607', 'N03-XXXXXX-25012023-XX2585', 'TNT.3.31031.10T7607', NULL, NULL, NULL, 2010, 2010, NULL, NULL, NULL, NULL, NULL, NULL, 'NEW', 'Nipro', NULL, NULL, NULL, 6, 0, NULL, NULL, NULL, NULL, b'0', NULL),
	(2586, 'Máy thận nhân tạo', 'SURDIAL', '12T9450', 'N03-XXXXXX-25012023-XX2586', 'TNT.3.31031.12T9450', NULL, NULL, NULL, 2012, 2012, NULL, NULL, NULL, NULL, NULL, NULL, 'NEW', 'Nipro', NULL, NULL, NULL, 6, 0, NULL, NULL, NULL, NULL, b'0', NULL),
	(2587, 'Máy thận nhân tạo', 'SURDIAL', '12T9443', 'N03-XXXXXX-25012023-XX2587', 'TNT.3.31031.12T9443', NULL, NULL, NULL, 2012, 2012, NULL, NULL, NULL, NULL, NULL, NULL, 'NEW', 'Nipro', NULL, NULL, NULL, 6, 0, NULL, NULL, NULL, NULL, b'0', NULL),
	(2588, 'Máy thận nhân tạo', 'SURDIAL', '12T9451', 'N03-XXXXXX-25012023-XX2588', 'TNT.3.31031.12T9451', NULL, NULL, NULL, 2012, 2012, NULL, NULL, NULL, NULL, NULL, NULL, 'NEW', 'Nipro', NULL, NULL, NULL, 6, 0, NULL, NULL, NULL, NULL, b'0', NULL),
	(2589, 'Máy thận nhân tạo', 'SURDIAL', '12T9446', 'N03-XXXXXX-25012023-XX2589', 'TNT.3.31031.12T9446', NULL, NULL, NULL, 2012, 2013, NULL, NULL, NULL, NULL, NULL, NULL, 'NEW', 'Nipro', NULL, NULL, NULL, 6, 0, NULL, NULL, NULL, NULL, b'0', NULL),
	(2590, 'Máy thận nhân tạo', 'SURDIAL', '12T9861', 'N03-XXXXXX-25012023-XX2590', 'TNT.3.31031.12T9861', NULL, NULL, NULL, 2012, 2013, NULL, NULL, NULL, NULL, NULL, NULL, 'NEW', 'Nipro', NULL, NULL, NULL, 6, 0, NULL, NULL, NULL, NULL, b'0', NULL),
	(2591, 'Máy thận nhân tạo', 'SURDIAL', '12T9867', 'N03-XXXXXX-25012023-XX2591', 'TNT.3.31031.12T9867', NULL, NULL, NULL, 2012, 2013, NULL, NULL, NULL, NULL, NULL, NULL, 'NEW', 'Nipro', NULL, NULL, NULL, 6, 0, NULL, NULL, NULL, NULL, b'0', NULL),
	(2592, 'Máy thận nhân tạo', 'SURDIAL', '12T9869', 'N03-XXXXXX-25012023-XX2592', 'TNT.3.31031.12T9869', NULL, NULL, NULL, 2012, 2013, NULL, NULL, NULL, NULL, NULL, NULL, 'NEW', 'Nipro', NULL, NULL, NULL, 6, 12, NULL, NULL, NULL, NULL, b'0', NULL),
	(2593, 'Máy thận nhân tạo', 'SURDIAL', '12T9789', 'N03-XXXXXX-25012023-XX2593', 'TNT.3.31031.12T9789', NULL, NULL, NULL, 2012, 2013, NULL, NULL, NULL, NULL, NULL, NULL, 'NEW', 'Nipro', NULL, NULL, NULL, 6, 0, NULL, NULL, NULL, NULL, b'0', NULL),
	(2594, 'Máy thận nhân tạo', 'SURDIAL', '12T9866', 'N03-XXXXXX-25012023-XX2594', 'TNT.3.31031.12T9866', NULL, NULL, NULL, 2012, 2013, NULL, NULL, NULL, NULL, NULL, NULL, 'NEW', 'Nipro', NULL, NULL, NULL, 6, 0, NULL, NULL, NULL, NULL, b'0', NULL),
	(2595, 'Máy thận nhân tạo', 'SURDIAL', '12T9865', 'N03-XXXXXX-25012023-XX2595', 'TNT.3.31031.12T9865', NULL, NULL, NULL, 2012, 2013, NULL, NULL, NULL, NULL, NULL, NULL, 'NEW', 'Nipro', NULL, NULL, NULL, 6, 0, NULL, NULL, NULL, NULL, b'0', NULL),
	(2596, 'Máy thận nhân tạo', 'SURDIAL', '12T9868', 'N03-XXXXXX-25012023-XX2596', 'TNT.3.31031.12T9868', NULL, NULL, NULL, 2012, 2013, NULL, NULL, NULL, NULL, NULL, NULL, 'NEW', 'Nipro', NULL, NULL, NULL, 6, 0, NULL, NULL, NULL, NULL, b'0', NULL),
	(2597, 'Máy thận nhân tạo', 'SURDIAL', '12T9860', 'N03-XXXXXX-25012023-XX2597', 'TNT.3.31031.12T9860', NULL, NULL, NULL, 2012, 2013, NULL, NULL, NULL, NULL, NULL, NULL, 'NEW', 'Nipro', NULL, NULL, NULL, 6, 0, NULL, NULL, NULL, NULL, b'0', NULL),
	(2598, 'Máy thận nhân tạo', 'SURDIAL', '12T9787', 'N03-XXXXXX-25012023-XX2598', 'TNT.3.31031.12T9787', NULL, NULL, NULL, 2012, 2013, NULL, NULL, NULL, NULL, NULL, NULL, 'NEW', 'Nipro', NULL, NULL, NULL, 6, 0, NULL, NULL, NULL, NULL, b'0', NULL),
	(2599, 'Máy thận nhân tạo', 'SURDIAL', '12T9863', 'N03-XXXXXX-25012023-XX2599', 'TNT.3.31031.12T9863', NULL, NULL, NULL, 2012, 2013, NULL, NULL, NULL, NULL, NULL, NULL, 'NEW', 'Nipro', NULL, NULL, NULL, 6, 0, NULL, NULL, NULL, NULL, b'0', NULL),
	(2600, 'Máy thận nhân tạo', 'SURDIAL', '14T11013', 'N03-XXXXXX-25012023-XX2600', 'TNT.3.31031.14T11013', NULL, NULL, NULL, 2014, 2015, NULL, NULL, NULL, NULL, NULL, NULL, 'NEW', 'Nipro', NULL, NULL, NULL, 6, 0, NULL, NULL, NULL, NULL, b'0', NULL),
	(2602, 'Máy thận nhân tạo', 'SURDIAL', '14T10958', 'N03-XXXXXX-25012023-XX2602', 'TNT.3.31031.14T10958', NULL, NULL, NULL, 2014, 2015, NULL, NULL, NULL, NULL, NULL, NULL, 'NEW', 'Nipro', NULL, NULL, NULL, 6, 0, NULL, NULL, NULL, NULL, b'0', NULL),
	(2603, 'Máy thận nhân tạo', 'SURDIAL', '15T11193', 'N03-XXXXXX-25012023-XX2603', 'TNT.3.31031.15T11193', NULL, NULL, NULL, 2015, 2016, NULL, NULL, NULL, NULL, NULL, NULL, 'NEW', 'Nipro', NULL, NULL, NULL, 6, 0, NULL, NULL, NULL, NULL, b'0', NULL),
	(2604, 'Máy thận nhân tạo', 'SURDIAL', '16T11267', 'N03-XXXXXX-25012023-XX2604', 'TNT.3.31031.16T11267', NULL, NULL, NULL, 2016, 2016, NULL, NULL, NULL, NULL, NULL, NULL, 'NEW', 'Nipro', NULL, NULL, NULL, 6, 0, NULL, NULL, NULL, NULL, b'0', NULL),
	(2605, 'Máy thận nhân tạo', 'SURDIAL', '15T11198', 'N03-XXXXXX-25012023-XX2605', 'TNT.3.31031.15T11198', NULL, NULL, NULL, 2015, 2016, NULL, NULL, NULL, NULL, NULL, NULL, 'NEW', 'Nipro', NULL, NULL, NULL, 6, 0, NULL, NULL, NULL, NULL, b'0', NULL),
	(2606, 'Máy thận nhân tạo', 'SURDIAL', '16T11269', 'N03-XXXXXX-25012023-XX2606', 'TNT.3.31031.16T11269', NULL, NULL, NULL, 2016, 2016, NULL, NULL, NULL, NULL, NULL, NULL, 'NEW', 'Nipro', NULL, NULL, NULL, 6, 0, NULL, NULL, NULL, NULL, b'0', NULL),
	(2607, 'Máy thận nhân tạo', 'SURDIAL', '16T11223', 'N03-XXXXXX-25012023-XX2607', 'TNT.3.31031.16T11223', NULL, NULL, NULL, 2016, 2016, NULL, NULL, NULL, NULL, NULL, NULL, 'NEW', 'Nipro', NULL, NULL, NULL, 6, 0, NULL, NULL, NULL, NULL, b'0', NULL),
	(2608, 'Máy thận nhân tạo', 'SURDIAL', '16T11329', 'N03-XXXXXX-25012023-XX2608', 'TNT.3.31031.16T11329', NULL, NULL, NULL, 2016, 2016, NULL, NULL, NULL, NULL, NULL, NULL, 'NEW', 'Nipro', NULL, NULL, NULL, 6, 0, NULL, NULL, NULL, NULL, b'0', NULL),
	(2609, 'Máy thận nhân tạo', 'SURDIAL', '16T11244', 'N03-XXXXXX-25012023-XX2609', 'TNT.3.31031.16T11244', NULL, NULL, NULL, 2016, 2017, NULL, NULL, NULL, NULL, NULL, NULL, 'NEW', 'Nipro', NULL, NULL, NULL, 6, 0, NULL, NULL, NULL, NULL, b'0', NULL),
	(2610, 'Máy thận nhân tạo', 'SURDIAL', '17T11362', 'N03-XXXXXX-25012023-XX2610', 'TNT.3.31031.17T11362', NULL, NULL, NULL, 2017, 2017, NULL, NULL, NULL, NULL, NULL, NULL, 'NEW', 'Nipro', NULL, NULL, NULL, 6, 0, NULL, NULL, NULL, NULL, b'0', NULL),
	(2611, 'Máy thận nhân tạo', 'SURDIAL', '17T11366', 'N03-XXXXXX-25012023-XX2611', 'TNT.3.31031.17T11366', NULL, NULL, NULL, 2017, 2017, NULL, NULL, NULL, NULL, NULL, NULL, 'NEW', 'Nipro', NULL, NULL, NULL, 6, 0, NULL, NULL, NULL, NULL, b'0', NULL),
	(2612, 'Máy thận nhân tạo', 'SURDIAL', '17T11363', 'N03-XXXXXX-29012023-XX2612', 'TNT.3.31031.17T11363', NULL, NULL, NULL, 2017, 2017, NULL, NULL, NULL, NULL, NULL, NULL, 'NEW', 'Nipro', NULL, NULL, NULL, 6, 0, NULL, NULL, NULL, NULL, b'0', NULL),
	(2613, 'Máy thận nhân tạo', 'SURDIAL 55 PLUS', '17CX7644', 'N03-XXXXXX-29012023-XX2613', 'TNT.3.31031.17CX7644', NULL, NULL, NULL, 2017, 2018, NULL, NULL, NULL, NULL, NULL, NULL, 'NEW', 'Nipro', NULL, NULL, NULL, 6, 0, NULL, NULL, NULL, NULL, b'0', NULL),
	(2614, 'Máy thận nhân tạo', 'SURDIAL 55 PLUS', '17CX7645', 'N03-XXXXXX-29012023-XX2614', 'TNT.3.310311.17CX7645', NULL, NULL, NULL, 2017, 2018, NULL, NULL, NULL, NULL, NULL, NULL, 'NEW', 'Nipro', NULL, NULL, NULL, 6, 0, NULL, NULL, NULL, NULL, b'0', NULL),
	(2615, 'Máy thận nhân tạo', 'SURDIAL 55 PLUS', '17CX7646', 'N03-XXXXXX-29012023-XX2615', 'TNT.3.31031.17CX7646', NULL, NULL, NULL, 2017, 2018, NULL, NULL, NULL, NULL, NULL, NULL, 'NEW', 'Nipro', NULL, NULL, NULL, 6, 0, NULL, NULL, NULL, NULL, b'0', NULL),
	(2616, 'Máy thận nhân tạo', 'SURDIAL 55 PLUS', '17T11379', 'N03-XXXXXX-29012023-XX2616', 'TNT.3.31031.17T11379', NULL, NULL, NULL, 2017, 2018, NULL, NULL, NULL, NULL, NULL, NULL, 'NEW', 'Nipro', NULL, NULL, NULL, 6, 0, NULL, NULL, NULL, NULL, b'0', NULL),
	(2617, 'Máy thận nhân tạo', 'SURDIAL 55 PLUS', '17T11378', 'N03-XXXXXX-29012023-XX2617', 'TNT.2.31031.17T11378', NULL, NULL, NULL, 2017, 2018, NULL, NULL, NULL, NULL, NULL, NULL, 'NEW', 'Nipro', NULL, NULL, NULL, 6, 0, NULL, NULL, NULL, NULL, b'0', NULL),
	(2618, 'Máy thận nhân tạo', 'SURDIAL 55 PLUS', '17CX7654', 'N03-XXXXXX-29012023-XX2618', 'TNT.2.31031.17CX7654', NULL, NULL, NULL, 2017, 2019, NULL, NULL, NULL, NULL, NULL, NULL, 'NEW', 'Nipro', NULL, NULL, NULL, 6, 0, NULL, NULL, NULL, NULL, b'0', NULL),
	(2619, 'Máy thận nhân tạo', 'SURDIAL 55 PLUS', '17CX7655', 'N03-XXXXXX-29012023-XX2619', 'TNT.2.31031.17CX7655', NULL, NULL, NULL, 2017, 2019, NULL, NULL, NULL, NULL, NULL, NULL, 'NEW', 'Nipro', NULL, NULL, NULL, 6, 0, NULL, NULL, NULL, NULL, b'0', NULL),
	(2620, 'Máy thận nhân tạo', 'SURDIAL 55 PLUS', '17CX7656', 'N03-XXXXXX-29012023-XX2620', 'TNT.2.31031.17CX7656', NULL, NULL, NULL, 2017, 2019, NULL, NULL, NULL, NULL, NULL, NULL, 'NEW', 'Nipro', NULL, NULL, NULL, 6, 0, NULL, NULL, NULL, NULL, b'0', NULL),
	(2621, 'Máy thận nhân tạo', 'SURDIAL 55 PLUS', '18CX9831', 'N03-XXXXXX-29012023-XX2621', 'TNT.2.31031.18CX9831', NULL, NULL, NULL, 2018, 2020, NULL, NULL, NULL, NULL, NULL, NULL, 'NEW', 'Nipro', NULL, NULL, NULL, 6, 12, '2022-11-16 00:00:00', NULL, NULL, NULL, b'0', NULL),
	(2622, 'Máy thận nhân tạo', 'SURDIAL 55 PLUS', '18CX9830', 'N03-XXXXXX-29012023-XX2622', 'TNT.2.31031.18CX9830', NULL, NULL, NULL, 2018, 2020, NULL, NULL, NULL, NULL, NULL, NULL, 'NEW', 'Nipro', NULL, NULL, NULL, 6, 0, NULL, NULL, NULL, NULL, b'0', NULL),
	(2623, 'Máy thận nhân tạo', 'SURDIAL 55 PLUS', '18CX9832', 'N03-XXXXXX-29012023-XX2623', 'TNT.2.31031.18CX9832', NULL, NULL, NULL, 2018, 2020, NULL, NULL, NULL, NULL, NULL, NULL, 'NEW', 'Nipro', NULL, NULL, NULL, 6, 0, NULL, NULL, NULL, NULL, b'0', NULL),
	(2624, 'Máy thận nhân tạo', 'SURDIAL 55 PLUS', '18CX9836', 'N03-XXXXXX-29012023-XX2624', 'TNT.2.31031.18CX9836', NULL, NULL, NULL, 2018, 2020, NULL, NULL, NULL, NULL, NULL, NULL, 'NEW', 'Nipro', NULL, NULL, NULL, 6, 0, NULL, NULL, NULL, NULL, b'0', NULL),
	(2625, 'Máy theo dõi bệnh nhân', 'OMNI II', '11000867', 'N02-XXXXXX-29012023-XX2625', 'TNT.2.31031.11000867', NULL, NULL, NULL, 2020, 2020, NULL, NULL, NULL, NULL, NULL, NULL, 'NEW', 'Infinium', NULL, NULL, NULL, 12, 0, NULL, NULL, NULL, NULL, b'0', NULL),
	(2627, 'Máy thở   Vsmart VFS-410', 'MV10KBO600VNM', '10KBO600VL8L0009', 'N02-XXXXXX-29012023-XX2627', 'MT.1.31031.10KBO600VL8L0009', NULL, NULL, NULL, 2020, 2020, NULL, NULL, NULL, NULL, NULL, NULL, 'NEW', 'Vsmart', NULL, NULL, NULL, 12, 0, NULL, NULL, NULL, NULL, b'0', NULL),
	(2628, 'Máy thở   Vsmart VFS-410', 'MV10KBO600VNM', '10KBO600VL8L0008', 'N02-XXXXMT-29012023-XX2628', 'MT.1.31031.10KBO600VL8L0008', NULL, NULL, NULL, 2020, 2020, NULL, NULL, NULL, NULL, NULL, 'SYT cấp', 'NEW', 'Vsmart', NULL, NULL, NULL, 12, 0, NULL, NULL, NULL, NULL, b'0', NULL),
	(2629, 'Máy thở   Vsmart VFS-410', 'MV10KBO610VNM', '10KB0610VLA60110', 'N02-XXXXXX-29012023-XX2629', 'MT.1.31031.10KB0610VLA60110', NULL, NULL, NULL, 2020, 2021, NULL, NULL, NULL, NULL, NULL, NULL, 'NEW', 'Vsmart', NULL, NULL, NULL, 12, 0, NULL, NULL, NULL, NULL, b'0', NULL),
	(2630, 'Máy thở   Vsmart VFS-410', 'MV10KBO600VNM', '10KB0610VLA70017', 'N02-XXXXXX-29012023-XX2630', 'MT.1.31031.10KB0610VLA70017', NULL, NULL, NULL, 2020, 2021, NULL, NULL, NULL, NULL, NULL, NULL, 'NEW', 'Vsmart', NULL, NULL, NULL, 12, 0, NULL, NULL, NULL, NULL, b'0', NULL),
	(2631, 'Máy theo dõi bệnh nhân', 'BM5', 'D8R0300030', 'N02-XXXXXX-29012023-XX2631', 'TDBN.3.31031.D8R0300030', NULL, NULL, NULL, 2017, 2017, NULL, NULL, NULL, NULL, NULL, NULL, 'NEW', 'Bionet', NULL, NULL, NULL, 12, 0, NULL, NULL, NULL, NULL, b'0', NULL),
	(2632, 'Máy theo dõi bệnh nhân', 'BM5', 'D8R0300027', 'N02-XXXXXX-29012023-XX2632', 'TDBN.3.31031.D8R0300027', NULL, NULL, NULL, 2017, 2017, NULL, NULL, NULL, NULL, NULL, NULL, 'NEW', 'Bionet', NULL, NULL, NULL, 12, 0, NULL, NULL, NULL, NULL, b'0', NULL),
	(2633, 'Máy theo dõi bệnh nhân', 'BM5', 'D8R0300186', 'N02-XXXXXX-29012023-XX2633', 'TDBN.3.31031.D8R0300186', NULL, NULL, NULL, 2017, 2017, NULL, NULL, NULL, NULL, NULL, NULL, 'NEW', 'Bionet', NULL, NULL, NULL, 12, 0, NULL, NULL, NULL, NULL, b'0', NULL),
	(2634, 'Bơm tiêm điện', 'TE*SS730N04', '1908010514', 'N02-XXXXXX-29012023-XX2634', 'BTĐ.3.31031.1908010514', NULL, NULL, NULL, 2017, 2017, NULL, NULL, NULL, NULL, NULL, NULL, 'NEW', 'Terumo', NULL, NULL, NULL, 12, 0, NULL, NULL, NULL, NULL, b'0', NULL),
	(2635, 'Bơm tiêm điện', 'TE SS*700N03', '1703010681', 'N02-XXXXXX-29012023-XX2635', 'BTĐ.3.31031.1703010681', NULL, NULL, NULL, 2019, 2020, NULL, NULL, NULL, NULL, NULL, NULL, 'NEW', 'Terumo', NULL, NULL, NULL, 12, 0, NULL, NULL, NULL, NULL, b'0', NULL),
	(2636, 'Bơm tiêm điện', 'TE*SS730N03', '1703010840', 'N02-XXXXXX-29012023-XX2636', 'BTĐ.1.31031.1703010840', NULL, NULL, NULL, 2019, 2020, NULL, NULL, NULL, NULL, NULL, NULL, 'NEW', 'Terumo', NULL, NULL, NULL, 12, 0, NULL, NULL, NULL, NULL, b'0', NULL),
	(2637, 'Bơm tiêm điện', 'TE*SS730N03', '1703010830', 'N02-XXXXXX-29012023-XX2637', 'BTĐ.3.31031.1703010830', NULL, NULL, NULL, 2019, 2020, NULL, NULL, NULL, NULL, NULL, NULL, 'NEW', 'Terumo', NULL, NULL, NULL, 12, 0, NULL, NULL, NULL, NULL, b'0', NULL),
	(2639, 'Máy ép tim', '7501-002', 'B2090', 'N02-XXXXXX-29012023-XX2639', 'ET.3.31031.B2090', NULL, NULL, NULL, 1996, 1996, NULL, NULL, NULL, NULL, NULL, NULL, 'NEW', 'KONTRON', NULL, NULL, NULL, 12, 0, NULL, NULL, NULL, NULL, b'0', NULL),
	(2640, 'Máy khí dung', 'NE-C90', '20170100275UF', 'N02-XXXXXX-29012023-XX2640', 'KD.3.31031.20170100275UF', NULL, NULL, NULL, 2014, 2014, NULL, NULL, NULL, NULL, NULL, NULL, 'NEW', 'Omron', NULL, NULL, NULL, 3, 0, NULL, NULL, NULL, NULL, b'0', NULL),
	(2641, 'Máy khí dung', 'NE-C90', '20170100276UF', 'N02-XXXXXX-29012023-XX2641', 'KD.3.31031.20170100276UF', NULL, NULL, NULL, 2014, 2014, NULL, NULL, NULL, NULL, NULL, NULL, 'NEW', 'Omron', NULL, NULL, NULL, 3, 0, NULL, NULL, NULL, NULL, b'0', NULL),
	(2642, 'Máy hút dịch', '7A-23D', '00171', 'N02-XXXXXX-29012023-XX2642', 'HD.3.31031.00171', NULL, NULL, NULL, 2016, 2016, NULL, NULL, NULL, NULL, NULL, NULL, 'NEW', 'Yuwell', NULL, NULL, NULL, 3, 0, NULL, NULL, NULL, NULL, b'0', NULL),
	(2643, 'Máy hút dịch Yuwell', '7A-23D', '00051', 'N02-XXXMHD-29012023-XX2643', 'HD.3.31031.00051', NULL, NULL, NULL, 2016, 2016, NULL, NULL, NULL, NULL, NULL, 'Máy mua', 'NEW', 'Yuwell', NULL, NULL, NULL, 3, 0, NULL, NULL, NULL, NULL, b'0', NULL),
	(2644, 'Máy đo nồng độ Oxy trong máu SPO2', 'PO 30', '2020F17/004090', 'N02-XXXXXX-29012023-XX2644', 'ĐOX.3.31031.2020F17/004090', NULL, NULL, NULL, 2020, 2020, NULL, NULL, NULL, NULL, NULL, NULL, 'NEW', 'Beurer', NULL, NULL, NULL, 0, 0, NULL, NULL, NULL, NULL, b'0', NULL),
	(2645, 'Máy đo nồng độ Oxy trong máu SPO2', 'PO 30', '2020F17/004287', 'N02-XXXXXX-29012023-XX2645', 'ĐOX.3.31031.2020F17/004287', NULL, NULL, NULL, 2020, 2020, NULL, NULL, NULL, NULL, NULL, NULL, 'NEW', 'Beurer', NULL, NULL, NULL, 0, 0, NULL, NULL, NULL, NULL, b'0', NULL),
	(2646, 'Máy siêu âm xách tay', 'DP-50', 'PP-74011325', 'N01-XXXXXX-04112022-XX2646', 'SA.3.31031.011325', NULL, NULL, NULL, 2017, 2017, NULL, NULL, NULL, NULL, NULL, NULL, 'NEW', 'Mindray', NULL, NULL, NULL, 3, 0, NULL, NULL, NULL, NULL, b'0', NULL),
	(2647, 'Monitor theo dõi bệnh nhân', 'BSM-2301K', '35913', 'N02-XXXXXX-04112022-XX2647', 'TDBN.3.31031.035913', NULL, NULL, NULL, 2010, 2010, NULL, NULL, NULL, NULL, NULL, NULL, 'NEW', 'Nihon Koden', NULL, NULL, NULL, 12, 0, NULL, NULL, NULL, NULL, b'0', NULL),
	(2648, 'Máy điện tim 6 cần', 'ECG-1250K', '14964', 'N10-XXXXXX-15112022-XX2648', '?T.3.31031.014964', NULL, NULL, NULL, 2018, 2018, NULL, NULL, NULL, NULL, NULL, NULL, 'NEW', 'Nihon Koden', NULL, NULL, NULL, 12, 24, NULL, NULL, NULL, NULL, b'0', NULL),
	(2649, 'Máy điện tim 6 cần', 'ECG-1250K', '03669', 'N10-XXXXXX-15112022-XX2649', '?T.3.31031.003669', NULL, NULL, NULL, 2017, 2017, NULL, NULL, NULL, NULL, NULL, NULL, 'NEW', 'Nihon Kohden', NULL, NULL, NULL, 0, 24, NULL, NULL, NULL, NULL, b'0', NULL),
	(2650, 'Bơm tiêm điện ', 'TE*SS700N03', '1703010896', 'N02-XXBTĐ-20012022-XX2650', 'BT.3.31031.010896', NULL, NULL, NULL, 2017, 2017, NULL, NULL, NULL, NULL, NULL, NULL, 'NEW', 'Terumo', NULL, NULL, NULL, 12, 0, NULL, NULL, NULL, NULL, b'0', NULL),
	(2651, 'Bơm tiêm điện', 'TE*SS700N03', '1703010692', 'N02-XXBTĐ-22012022-XX2651', 'BT.3.31031.010692', NULL, NULL, NULL, 2017, 2017, NULL, NULL, NULL, NULL, NULL, NULL, 'NEW', 'Terumo', NULL, NULL, NULL, 12, 0, NULL, NULL, NULL, NULL, b'0', NULL),
	(2652, 'Bơm tiêm điện', 'TE*SS700N03', '1703010867', 'N02-XXBTĐ-22012022-XX2652', 'BT.3.31031.010867', NULL, NULL, NULL, 2017, 2017, NULL, NULL, NULL, NULL, NULL, NULL, 'NEW', 'Terumo', NULL, NULL, NULL, 12, 0, NULL, NULL, NULL, NULL, b'0', NULL),
	(2653, 'Bơm tiêm điện', 'TE*SS700N03', '1509010685', 'N02-XXBTĐ-22012022-XX2653', 'BT.3.31031.010685', NULL, NULL, NULL, 2017, 2017, NULL, NULL, NULL, NULL, NULL, NULL, 'NEW', 'Terumo', NULL, NULL, NULL, 12, 0, NULL, NULL, NULL, NULL, b'0', NULL),
	(2654, 'Bơm tiêm điện', 'TE*SS700N03', '1810010724', 'N02-XXBTĐ-22012022-XX2654', 'BT.3.31031.010724', NULL, NULL, NULL, 2017, 2017, NULL, NULL, NULL, NULL, NULL, NULL, 'NEW', 'Terumo', NULL, NULL, NULL, 12, 0, NULL, NULL, NULL, NULL, b'0', NULL),
	(2655, 'Bơm tiêm điện', 'TE*SS700N03', '1811010200', 'N02-XXBTĐ-22012022-XX2655', 'BT.3.31031.010200', NULL, NULL, NULL, 2019, 2019, NULL, NULL, NULL, NULL, NULL, NULL, 'NEW', 'Terumo', NULL, NULL, NULL, 12, 0, NULL, NULL, NULL, NULL, b'0', NULL),
	(2656, 'Bơm tiêm điện', 'TE*SS700N03', '1812010022', 'N02-XXBTĐ-22012022-XX2656', 'BT.3.31031.010022', NULL, NULL, NULL, 2019, 2019, NULL, NULL, NULL, NULL, NULL, NULL, 'NEW', 'Terumo', NULL, NULL, NULL, 12, 0, NULL, NULL, NULL, NULL, b'0', NULL),
	(2657, 'Bơm tiêm điện', 'TE*SS700N03', '1811010205', 'N02-XXBTĐ-22012022-XX2657', 'BT.3.31031.010205', NULL, NULL, NULL, 2019, 2019, NULL, NULL, NULL, NULL, NULL, NULL, 'NEW', 'Terumo', NULL, NULL, NULL, 12, 0, NULL, NULL, NULL, NULL, b'0', NULL),
	(2658, 'Bơm tiêm điện', 'TE*SS700N03', '1812010087', 'N02-XXBTĐ-22012022-XX2658', 'BT.3.31031.010087', NULL, NULL, NULL, 2019, 2019, NULL, NULL, NULL, NULL, NULL, NULL, 'NEW', 'Terumo', NULL, NULL, NULL, 12, 0, NULL, NULL, NULL, NULL, b'0', NULL),
	(2659, 'Máy khí dung ', 'NE-C29', '20161202153UF', 'N02-XXXMKD-23102022-XX2659', 'KD.3.31031.000000', NULL, NULL, NULL, 2030, NULL, NULL, NULL, NULL, NULL, NULL, NULL, 'NEW', 'OMRON', NULL, NULL, NULL, 12, 0, NULL, NULL, NULL, NULL, b'0', NULL),
	(2660, 'Máy khí dung ', 'NE-C29', '20161202154UF', 'N02-XXXMKD-23102022-XX2660', 'KD.3.31031.000000', NULL, NULL, NULL, 2030, NULL, NULL, NULL, NULL, NULL, NULL, NULL, 'NEW', 'OMRON', NULL, NULL, NULL, 12, 0, NULL, NULL, NULL, NULL, b'0', NULL),
	(2661, 'Máy hút dịch', '7A-23D', '00053', 'N02-XXXXXX-04112022-XX2661', 'HD.3.31031.000053', NULL, NULL, NULL, 2030, NULL, NULL, NULL, NULL, NULL, NULL, NULL, 'NEW', 'Yuwell', NULL, NULL, NULL, 12, 0, NULL, NULL, NULL, NULL, b'0', NULL),
	(2662, 'Máy theo dõi bệnh nhân', 'OMNI', 'G35AAIM -042', 'N02-XXXMTD-22012022-XX2662', 'TDBN.1.31031.000042', NULL, NULL, NULL, 2009, 2009, NULL, NULL, NULL, NULL, NULL, NULL, 'NEW', 'Infinium Medical', NULL, NULL, NULL, 12, 0, NULL, NULL, NULL, NULL, b'0', NULL),
	(2663, 'Máy theo dõi bệnh nhân', 'OMNI', 'G35AAIK -054', 'N02-XXXMTD-22012022-XX2663', 'TDBN.1.31031.000054', NULL, NULL, NULL, 2009, 2009, NULL, NULL, NULL, NULL, NULL, NULL, 'NEW', 'Infinium Medical', NULL, NULL, NULL, 12, 0, NULL, NULL, NULL, NULL, b'0', NULL),
	(2664, 'Máy theo dõi bệnh nhân', 'OMNI', '3G5AAIU-080', 'N02-XXXMTD-22012022-XX2664', 'TDBN.1.31031.000080', NULL, NULL, NULL, 2009, 2009, NULL, NULL, NULL, NULL, NULL, NULL, 'NEW', 'Infinium Medical', NULL, NULL, NULL, 12, 0, NULL, NULL, NULL, NULL, b'0', NULL),
	(2665, 'Máy theo dõi bệnh nhân', 'BM5', 'D8P0300018', 'N02-XXXMTD-22012022-XX2665', 'TDBN.1.31031.300018', NULL, NULL, NULL, 2017, 2017, NULL, NULL, NULL, NULL, NULL, NULL, 'NEW', 'Bionet', NULL, NULL, NULL, 12, 0, NULL, NULL, NULL, NULL, b'0', NULL),
	(2666, 'Máy theo dõi bệnh nhân', 'BSM-3562', '01400', 'N02-XXXMTD-06102022-XX2666', 'TDBN.1.31031.001400', NULL, NULL, NULL, 2012, 2012, NULL, NULL, NULL, NULL, NULL, NULL, 'NEW', 'Nihon Koden', NULL, NULL, NULL, 3, 0, NULL, NULL, NULL, NULL, b'0', NULL),
	(2668, 'Máy chẩn đoán xơ vữa động mạch không xâm lấn', 'VP-1000 Plus', '03000069A', 'N10-ĐHĐKXL-12102022-XX2668', 'XV?M.1.31031.000000', NULL, NULL, NULL, 2012, 2012, NULL, NULL, NULL, NULL, NULL, NULL, 'NEW', 'OMRON', NULL, NULL, NULL, 0, 0, NULL, NULL, NULL, NULL, b'0', NULL),
	(2669, 'Máy điện tim 6 cần', 'ECG1250K', '14953', 'N10-XXXXXX-15112022-XX2669', '?T.3.31031.014953', NULL, NULL, NULL, 2018, 2019, NULL, NULL, NULL, NULL, NULL, NULL, 'NEW', 'Nihon Koden', NULL, NULL, NULL, 0, 24, NULL, NULL, NULL, NULL, b'0', NULL),
	(2671, 'Bơm tiêm điện', 'TE*SS700N03', '170301849', 'N02-XXXBTĐ-13112022-XX2671', 'BT.3.31031.301849', NULL, NULL, NULL, 2019, 2019, NULL, NULL, NULL, NULL, NULL, 'Máy mua', 'NEW', 'Terumo', NULL, NULL, NULL, 0, 0, NULL, NULL, NULL, NULL, b'0', NULL),
	(2672, 'Bơm tiêm điện', 'TE*SS700N03', '1811010193', 'N02-XXXBTĐ-13112022-XX2672', 'BT.3.31031.010193', NULL, NULL, NULL, 2019, 2019, NULL, NULL, NULL, NULL, NULL, 'Máy mua', 'NEW', 'Terumo', NULL, NULL, NULL, 0, 0, NULL, NULL, NULL, NULL, b'0', NULL),
	(2673, 'Bơm tiêm điện', 'TE*SS700N03', '1811011158', 'N02-XXXBTĐ-13112022-XX2673', 'BT.3.310311.011158', NULL, NULL, NULL, 2019, 2019, NULL, NULL, NULL, NULL, NULL, 'Máy mua', 'NEW', 'Terumo', NULL, NULL, NULL, 0, 0, NULL, NULL, NULL, NULL, b'0', NULL),
	(2674, 'Bơm tiêm điện ', 'TE*SS700N03', '1703010874', 'N02-XXXBTĐ-23102022-XX2674', 'BT.3.31031.010874', NULL, NULL, NULL, 2019, 2019, NULL, NULL, NULL, NULL, NULL, NULL, 'NEW', 'Terumo', NULL, NULL, NULL, 0, 0, NULL, NULL, NULL, NULL, b'0', NULL),
	(2675, 'Bơm tiêm điện ', 'TE *331 NW3S', '1207000456', 'N02-XXXBTĐ-23102022-XX2675', 'BT.3.31031.000456', NULL, NULL, NULL, 2012, 2012, NULL, NULL, NULL, NULL, NULL, NULL, 'NEW', 'Terumo', NULL, NULL, NULL, 0, 0, NULL, NULL, NULL, NULL, b'0', NULL),
	(2676, 'Bơm tiêm điện ', 'TE *331 NW3S', '1207000439', 'N02-XXXBTĐ-23102022-XX2676', 'BT.3.31031.000439', NULL, NULL, NULL, 2012, 2012, NULL, NULL, NULL, NULL, NULL, NULL, 'NEW', 'Terumo', NULL, NULL, NULL, 0, 0, NULL, NULL, NULL, NULL, b'0', NULL),
	(2677, 'Bơm tiêm điện', 'TOP - 5300', 'CMX5221-E', 'N02-XXXXXX-31012023-XX2677', 'BT.3.31031.CMX5221-E', NULL, NULL, NULL, 2008, 2009, NULL, NULL, NULL, NULL, NULL, NULL, 'NEW', 'Terumo', NULL, NULL, NULL, 12, 0, NULL, NULL, NULL, NULL, b'0', NULL),
	(2678, 'Bơm tiêm điện', 'TOP - 5300', 'CMY5577-E', 'N02-XXXXXX-31012023-XX2678', 'BT.3.31031.CMY5577-E', NULL, NULL, NULL, 2008, 2009, NULL, NULL, NULL, NULL, NULL, NULL, 'NEW', 'Terumo', NULL, NULL, NULL, 12, 12, NULL, NULL, NULL, NULL, b'0', NULL),
	(2679, 'Máy holter điện tim', 'AsPEKT A712', '0319', 'N10-HOLTER-04112022-XX2679', '?T331031000319', NULL, NULL, NULL, 2018, 2018, NULL, NULL, NULL, NULL, NULL, 'Máy mua', 'NEW', 'Aspel', NULL, NULL, NULL, 6, 0, NULL, NULL, NULL, NULL, b'0', NULL),
	(2680, 'Máy holter Huyết áp', 'Holcard CR07', '1983', 'N10-HOLTER-25102022-XX2680', 'HA331031001983', NULL, NULL, NULL, 2018, 2018, NULL, NULL, NULL, NULL, NULL, 'Máy mua', 'NEW', 'Aspel', NULL, NULL, NULL, 0, 0, NULL, NULL, NULL, NULL, b'0', NULL),
	(2681, 'Máy phun sương khử khuẩn', 'Alfasol', 'AFC-0200-00130', 'N08-XXXPKK-12102022-XX2681', 'PS.3.31031.000130', NULL, NULL, NULL, 2020, 2020, NULL, NULL, NULL, NULL, NULL, NULL, 'NEW', 'Lavitec', NULL, NULL, NULL, 0, 0, NULL, NULL, NULL, NULL, b'0', NULL),
	(2682, 'Máy khí dung ', 'NE-C29', '20130200753UF', 'N02-XXXMKD-13102022-XX2682', 'KD.3.31031.000000', NULL, NULL, NULL, 2009, 2009, NULL, NULL, NULL, NULL, NULL, NULL, 'NEW', 'OMRON', NULL, NULL, NULL, 0, 0, NULL, NULL, NULL, NULL, b'0', NULL),
	(2683, 'Máy khí dung ', 'NE-C29', '20110300427UF', 'N02-XXXMKD-13102022-XX2683', 'KD.3.31031.000000', NULL, NULL, NULL, 2011, 2011, NULL, NULL, NULL, NULL, NULL, NULL, 'NEW', 'OMRON', NULL, NULL, NULL, 0, 0, NULL, NULL, NULL, NULL, b'0', NULL),
	(2684, 'Bơm tiêm điện ', 'TE-SS700', '1810010743', 'N02-XXXBTĐ-13102022-XX2684', 'BT.3.31031.010743', NULL, NULL, NULL, 2019, 2019, NULL, NULL, NULL, NULL, NULL, NULL, 'NEW', 'Terumo', NULL, NULL, NULL, 3, 0, NULL, NULL, NULL, NULL, b'0', NULL),
	(2685, 'Bơm tiêm điện ', 'TE-SS700', '1811010188', 'N02-XXXBTĐ-13102022-XX2685', 'BT.3.31031.010188', NULL, NULL, NULL, 2019, 2019, NULL, NULL, NULL, NULL, NULL, NULL, 'NEW', 'Terumo', NULL, NULL, NULL, 0, 0, NULL, NULL, NULL, NULL, b'0', NULL),
	(2686, 'Máy khí dung', 'E20CE', 'I1041375', 'N02-XXXMKD-13102022-XX2686', 'KD.3.31031.041375', NULL, NULL, NULL, 2030, NULL, NULL, NULL, NULL, NULL, NULL, NULL, 'NEW', 'Devilbiss Helthcase', NULL, NULL, NULL, 0, 0, NULL, NULL, NULL, NULL, b'0', NULL),
	(2687, 'Máy hút dịch Yuwell', '7A - 23D', '00048', 'N02-XXXMHD-30102022-XX2687', 'HD.3.31031.000048', NULL, NULL, NULL, 2013, 2013, NULL, NULL, NULL, NULL, NULL, 'Máy mua', 'NEW', 'Yuwell', NULL, NULL, NULL, 0, 0, NULL, NULL, NULL, NULL, b'0', NULL),
	(2688, 'Hệ thống thiết bị xử lý nước thải', 'MKTN001', 'SKTN001', 'N08-XXXXRO-30102022-XX2688', 'XNT.3.31031.000000', NULL, NULL, NULL, 2030, NULL, NULL, NULL, NULL, NULL, NULL, 'Dự án TP', 'NEW', 'Không xác định', NULL, NULL, NULL, 0, 0, NULL, NULL, NULL, NULL, b'0', NULL),
	(2689, 'Monitor theo dõi Sản khoa - FC1400', 'FC1400', 'F2K1200085', 'N09-XXTDSK-15102022-XX2689', 'TDBN.3.31031.200085', NULL, NULL, NULL, 2013, 2013, NULL, NULL, NULL, NULL, NULL, NULL, 'NEW', 'Bionet', NULL, NULL, NULL, 0, 0, NULL, NULL, NULL, NULL, b'0', NULL),
	(2691, 'Monitor sản khoa.', 'FC 700', 'FO0400046', 'N09-XXTDSK-15102022-XX2691', 'TDBN.3.31031.400046', NULL, NULL, NULL, 2014, 2014, NULL, NULL, NULL, NULL, NULL, NULL, 'NEW', 'Bionet', NULL, NULL, NULL, 0, 0, NULL, NULL, NULL, NULL, b'0', NULL),
	(2692, 'Máy monitor sản khoa', 'FC-700', 'FQ1100012', 'N09-XXTDSK-15102022-XX2692', 'TDBN.3.31031.100012', NULL, NULL, NULL, 2016, 2016, NULL, NULL, NULL, NULL, NULL, NULL, 'NEW', 'Bionet', NULL, NULL, NULL, 0, 0, NULL, NULL, NULL, NULL, b'0', NULL),
	(2693, 'Máy theo dõi Sản khoa FC700', 'FC-700', 'FQ0200039', 'N09-XXTDSK-15102022-XX2693', 'TDBN.3.31031.200039', NULL, NULL, NULL, 2016, 2016, NULL, NULL, NULL, NULL, NULL, NULL, 'NEW', 'Bionet', NULL, NULL, NULL, 6, 0, NULL, NULL, NULL, NULL, b'0', NULL),
	(2694, 'Máy theo dõi Sản khoa FC700', 'FC-700', 'FR1100055', 'N09-XXTDSK-15102022-XX2694', 'TDBN.3.31031.100055', NULL, NULL, NULL, 2017, 2017, NULL, NULL, NULL, NULL, NULL, NULL, 'NEW', 'Bionet', NULL, NULL, NULL, 0, 0, NULL, NULL, NULL, NULL, b'0', NULL),
	(2695, 'Máy theo dõi Sản khoa FC700', 'FC-700', 'FS0700052', 'N09-XXTDSK-15102022-XX2695', 'TDBN.3.31031.700052', NULL, NULL, NULL, 2018, 2018, NULL, NULL, NULL, NULL, NULL, NULL, 'NEW', 'Bionet', NULL, NULL, NULL, 0, 0, NULL, NULL, NULL, NULL, b'0', NULL),
	(2696, 'Máy theo dõi Sản khoa FC700', 'FC-700', 'FS0700053', 'N09-XXTDSK-15102022-XX2696', 'TDBN.3.31031.700053', NULL, NULL, NULL, 2018, 2018, NULL, NULL, NULL, NULL, NULL, NULL, 'NEW', 'Bionet', NULL, NULL, NULL, 0, 0, NULL, NULL, NULL, NULL, b'0', NULL),
	(2697, 'Monitor sản khoa', 'FC-1400', 'F3Q1000043', 'N09-XXTDSK-25102022-XX2697', 'TDBN.3.31031.000043', NULL, NULL, NULL, 2016, 2018, NULL, NULL, NULL, NULL, NULL, NULL, 'NEW', 'Bionet', NULL, NULL, NULL, 0, 0, NULL, NULL, NULL, NULL, b'0', NULL),
	(2698, 'Máy siêu âm den trắng xách tay', 'DP-50', 'PP-74011329', 'N01-XXXMSA-15102022-XX2698', 'SA.3.31031.011329', NULL, NULL, NULL, 2017, 2017, NULL, NULL, NULL, NULL, NULL, NULL, 'NEW', 'Mindray', NULL, NULL, NULL, 0, 0, NULL, NULL, NULL, NULL, b'0', NULL),
	(2699, 'Giường sưởi ấm trẻ sơ sinh ADWM', 'ADWM', 'W172071', 'N09-XSATSS-15102022-XX2699', 'GSA.3.31031.172071', NULL, NULL, NULL, 2020, 2020, NULL, NULL, NULL, NULL, NULL, NULL, 'NEW', 'Việt Nam', NULL, NULL, NULL, 0, 0, NULL, NULL, NULL, NULL, b'0', NULL),
	(2700, 'Giường sưởi ấm trẻ sơ sinh ADWM', 'ADWM', 'W172072', 'N09-XSATSS-15102022-XX2700', 'GSA.3.31031.172072', NULL, NULL, NULL, 2020, 2020, NULL, NULL, NULL, NULL, NULL, NULL, 'NEW', 'Việt Nam', NULL, NULL, NULL, 0, 0, NULL, NULL, NULL, NULL, b'0', NULL),
	(2701, 'Lồng ấp trẻ sơ sinh  YD-F-285 SCB', 'YD-F-285 SCB', 'SKS0001', 'N09-XXXXLA-30102022-XX2701', 'LA.3.31031.000001', NULL, NULL, NULL, 2009, 2009, NULL, NULL, NULL, NULL, NULL, 'SYT cấp', 'NEW', 'YONDON', NULL, NULL, NULL, 6, 12, NULL, NULL, NULL, NULL, b'0', NULL),
	(2702, 'Lồng ấp trẻ sơ sinh  YD-F-285 SCB', 'YD-F-285 SCB', 'SKS0002', 'N09-XXXXLA-30102022-XX2702', 'LA.3.31031.000002', NULL, NULL, NULL, 2009, 2009, NULL, NULL, NULL, NULL, NULL, 'SYT cấp', 'NEW', 'YONDON', NULL, NULL, NULL, 0, 0, NULL, NULL, NULL, NULL, b'0', NULL),
	(2703, 'Máy điện tim Nihon Kohden', 'ECG-1250K', '15898', 'N10-XXXXXX-15112022-XX2703', '?T.3.31031.015898', NULL, NULL, NULL, 2020, 2020, NULL, NULL, NULL, NULL, NULL, NULL, 'NEW', 'Nihon kohden', NULL, NULL, NULL, 0, 24, NULL, NULL, NULL, NULL, b'0', NULL),
	(2704, 'Máy hút áp lực thấp', 'DYX - 2A', 'P6.13', 'N02-XXXMHD-30102022-XX2704', 'HD.3.31031.000613', NULL, NULL, NULL, 2013, 2013, NULL, NULL, NULL, NULL, NULL, NULL, 'NEW', 'SMIC', NULL, NULL, NULL, 0, 0, NULL, NULL, NULL, NULL, b'0', NULL),
	(2705, 'Máy hút dịch áp lực thấp', 'DYX - 2A', 'P613', 'N02-XXXMHD-30102022-XX2705', 'HD.3.31031.000613', NULL, NULL, NULL, 2013, 2013, NULL, NULL, NULL, NULL, NULL, 'Đang ở phòng mổ', 'NEW', 'SMIC', NULL, NULL, NULL, 0, 0, NULL, NULL, NULL, NULL, b'0', NULL),
	(2706, 'Máy hút dịch áp lực thấp', 'VACUM SOL', 'SKS0003', 'N02-XXXMHD-23102022-XX2706', 'XQ.2.31031.000000', NULL, NULL, NULL, 2000, 2000, NULL, NULL, NULL, NULL, NULL, NULL, 'NEW', 'SMIC', NULL, NULL, NULL, 0, 0, NULL, NULL, NULL, NULL, b'0', NULL),
	(2707, 'Dopler nghe tim thai', 'ES - 100 VII', '17100013', 'N09-XXTDSK-15102022-XX2707', 'DL.3.31031.100013', NULL, NULL, NULL, 2017, 2018, NULL, NULL, NULL, NULL, NULL, NULL, 'NEW', 'Minidop', NULL, NULL, NULL, 0, 0, NULL, NULL, NULL, NULL, b'0', NULL),
	(2708, 'Dopler nghe tim thai', 'ES - 100 VII', '17100014', 'N09-XXTDSK-15102022-XX2708', 'DL.3.31031.100014', NULL, NULL, NULL, 2017, 2018, NULL, NULL, NULL, NULL, NULL, NULL, 'NEW', 'Minidop', NULL, NULL, NULL, 0, 0, NULL, NULL, NULL, NULL, b'0', NULL),
	(2710, 'Monitor theo dõi bệnh nhận Omni II', 'OMNI II', '11000863', 'N02-XXXMTD-23102022-XX2710', 'TDBN.3.31031.000863', NULL, NULL, NULL, 6202, 2021, NULL, NULL, NULL, NULL, NULL, NULL, 'NEW', 'Infinium', NULL, NULL, NULL, 0, 0, NULL, NULL, NULL, NULL, b'0', NULL),
	(2711, 'Máy soi cổ tử cung', 'KN 2200', '12042253', 'N09-XXSCTC-23102022-XX2711', 'SCTC.3.31031.042253', NULL, NULL, NULL, 2013, 2013, NULL, NULL, NULL, NULL, NULL, NULL, 'NEW', 'KERNEL', NULL, NULL, NULL, 0, 0, NULL, NULL, NULL, NULL, b'0', NULL),
	(2712, 'Máy soi cổ tử cung', 'KN-2200', '00000000', 'N09-XXSCTC-04112022-XX2712', 'SCTC.3.31031.000000', NULL, NULL, NULL, 2017, 2017, NULL, NULL, NULL, NULL, NULL, 'Máy mua', 'NEW', 'KERNEL', NULL, NULL, NULL, 0, 0, NULL, NULL, NULL, NULL, b'0', NULL),
	(2715, 'Dao cắt đốt cổ tử cung ', 'Alsatom SU 140-MPC', '5129 -12/17', 'N09-XCĐCTC-15102022-XX2715', 'DC.3.31031.291217', NULL, NULL, NULL, 2017, 2017, NULL, NULL, NULL, NULL, NULL, NULL, 'NEW', 'ALSA', NULL, NULL, NULL, 0, 0, NULL, NULL, NULL, NULL, b'0', NULL),
	(2716, 'Tủ sấy', 'UN30Plus', '000000000', 'N08-XXTSDC-04112022-XX2716', 'TS.3.31031.000000', NULL, NULL, NULL, 2015, 2015, NULL, NULL, NULL, NULL, NULL, 'Máy mua', 'NEW', 'Memmert', NULL, NULL, NULL, 0, 0, NULL, NULL, NULL, NULL, b'0', NULL),
	(2717, 'Máy hút dịch', '7E-A', '\'00214', 'N02-XXXMHD-31102022-XX2717', 'HD.3.31031.000214', NULL, NULL, NULL, 2016, 2016, NULL, NULL, NULL, NULL, NULL, 'Máy mua', 'NEW', 'Yuwell', NULL, NULL, NULL, 0, 0, NULL, NULL, NULL, NULL, b'0', NULL),
	(2718, 'Máy hút dịch', '7A-23D', '00155', 'N02-XXXMHD-04112022-XX2718', 'HD.3.31031.000155', NULL, NULL, NULL, 2016, 2016, NULL, NULL, NULL, NULL, NULL, 'máy mua', 'NEW', 'Yuwell', NULL, NULL, NULL, 0, 0, NULL, NULL, NULL, NULL, b'0', NULL),
	(2719, 'Máy khí dung', 'NE-C29', '20110300421UF', 'N02-XXXMKD-31102022-XX2719', 'KD.3.31031.000000', NULL, NULL, NULL, 2016, 2016, NULL, NULL, NULL, NULL, NULL, 'máy mua', 'NEW', 'OMRON', NULL, NULL, NULL, 3, 0, NULL, NULL, NULL, NULL, b'0', NULL),
	(2721, 'Máy theo dõi bệnh nhân', 'BM-5', 'DQU0100071', 'N02-XXXMTD-04112022-XX2721', 'TDBN.1.31031.100071', NULL, NULL, NULL, 2020, 2020, NULL, 0, NULL, NULL, NULL, 'Máy mua', 'NEW', 'Bionet', NULL, NULL, NULL, 0, 12, NULL, NULL, NULL, NULL, b'0', NULL),
	(2722, 'Máy hút dịch', '7E-A', '00115', 'N02-XXXXXX-04112022-XX2722', 'HD.3.31031.000115', NULL, NULL, NULL, 2017, 2017, NULL, NULL, NULL, NULL, NULL, NULL, 'NEW', 'Yuwell', NULL, NULL, NULL, 0, 0, NULL, NULL, NULL, NULL, b'0', NULL),
	(2723, 'Máy hút dịch', '7E-A', '00116', 'N02-XXXXXX-04112022-XX2723', 'HD.3.31031.000116', NULL, NULL, NULL, 2017, 2017, NULL, NULL, NULL, NULL, NULL, NULL, 'NEW', 'Yuwell', NULL, NULL, NULL, 0, 0, NULL, NULL, NULL, NULL, b'0', NULL),
	(2725, 'Máy hút dịch', 'DI-1A', '101412-181', 'N02-XXXXXX-04112022-XX2725', 'HD.3.31031.412181', NULL, NULL, NULL, 2012, 2012, NULL, NULL, NULL, NULL, NULL, NULL, 'NEW', 'Không xác định', NULL, NULL, NULL, 3, 0, NULL, NULL, NULL, NULL, b'0', NULL),
	(2726, 'Tủ sấy khô', 'CKF', '10BC - 15', 'N08-XXXXXX-04112022-XX2726', 'TS.3.31031.000015', NULL, NULL, NULL, 2017, 2017, NULL, NULL, NULL, NULL, NULL, NULL, 'NEW', 'Galy', NULL, NULL, NULL, 0, 0, NULL, NULL, NULL, NULL, b'0', NULL),
	(2727, 'Bàn khám đa năng', 'KL-2C', '31103200446', 'N13-XXNTBV-15102022-XX2727', NULL, NULL, NULL, NULL, 2020, 2021, NULL, NULL, NULL, NULL, NULL, 'Máy mua', 'NEW', 'Keling', NULL, NULL, NULL, 0, 0, NULL, NULL, NULL, NULL, b'0', NULL),
	(2728, 'Máy theo dõi bệnh nhân', 'PG - M9000', 'M013E009083', 'N02-XXXMTD-04112022-XX2728', 'TDBN.1.31031.009083', NULL, NULL, NULL, 2020, 2021, NULL, NULL, NULL, NULL, NULL, 'Máy mua', 'NEW', 'PROGETTI', NULL, NULL, NULL, 6, 12, NULL, NULL, NULL, NULL, b'0', NULL),
	(2729, 'Máy hút dịch Yuwell', '7A-23D', '00124', 'N02-XXXMHD-15102022-XX2729', NULL, NULL, NULL, NULL, 2015, 2015, NULL, NULL, NULL, NULL, NULL, 'Máy mua', 'NEW', 'Yuwell', NULL, NULL, NULL, 3, 0, NULL, NULL, NULL, NULL, b'0', NULL),
	(2730, 'Máy theo dõi bệnh nhân', 'BM-5', 'D8R0300179', 'N02-XXXMTD-04112022-XX2730', 'TDBN.1.31031.300179', NULL, NULL, NULL, 2017, 2017, NULL, NULL, NULL, NULL, NULL, 'Máy mua', 'NEW', 'Bionet', NULL, NULL, NULL, 3, 12, NULL, NULL, NULL, NULL, b'0', NULL),
	(2731, 'Máy theo dõi bệnh nhân', 'BM-5', 'DQU0100064', 'N02-XXXMTD-04112022-XX2731', 'TDBN.1.31031.100064', NULL, NULL, NULL, 2020, 2020, NULL, NULL, NULL, NULL, NULL, 'Máy mua', 'NEW', 'Bionet', NULL, NULL, NULL, 0, 12, NULL, NULL, NULL, NULL, b'0', NULL),
	(2732, 'Bơm tiêm điện', 'Te*SS700N03', '1812010036', 'N02-XXXBTĐ-15102022-XX2732', NULL, NULL, NULL, NULL, 2019, 2019, NULL, NULL, NULL, NULL, NULL, 'Máy mua', 'NEW', 'Terumo', NULL, NULL, NULL, 0, 0, NULL, NULL, NULL, NULL, b'0', NULL),
	(2734, 'Máy phun sương khử khuẩn', 'Alfasol', 'AFC-0200-00132', 'N08-XXXPKK-15102022-XX2734', 'XQ.2.31031.000000', NULL, NULL, NULL, 2020, 2020, NULL, NULL, NULL, NULL, NULL, 'Máy mua', 'NEW', 'Lavitec', NULL, NULL, NULL, 6, 0, NULL, NULL, NULL, NULL, b'0', NULL),
	(2736, 'Máy khí dung', 'NE - C29', '20090400029UF', 'N02-XXXMKD-14102022-XX2736', 'KD.3.31031.000000', NULL, NULL, NULL, 2009, 2009, NULL, NULL, NULL, NULL, NULL, NULL, 'NEW', 'OMRON', NULL, NULL, NULL, 0, 0, NULL, NULL, NULL, NULL, b'0', NULL),
	(2737, 'Máy khí dung', 'NE - C29', '200905000347UF', 'N02-XXXMKD-14102022-XX2737', 'KD.3.31031.000000', NULL, NULL, NULL, 2012, 2012, NULL, NULL, NULL, NULL, NULL, NULL, 'NEW', 'OMRON', NULL, NULL, NULL, 0, 0, NULL, NULL, NULL, NULL, b'0', NULL),
	(2738, 'Máy khí dung', 'NE - C29', '201000700476UF', 'N02-XXXMKD-14102022-XX2738', 'KD.3.31031.000000', NULL, NULL, NULL, 2007, 2007, NULL, NULL, NULL, NULL, NULL, NULL, 'NEW', 'OMRON', NULL, NULL, NULL, 0, 0, NULL, NULL, NULL, NULL, b'0', NULL),
	(2739, 'Máy khí dung', 'NE - C29', '20110800721UF', 'N02-XXXMKD-14102022-XX2739', 'KD.3.31031.000000', NULL, NULL, NULL, 2008, 2008, NULL, NULL, NULL, NULL, NULL, NULL, 'NEW', 'OMRON', NULL, NULL, NULL, 0, 0, NULL, NULL, NULL, NULL, b'0', NULL),
	(2740, 'Máy khí dung', 'NE - C29', '20110900428UF', 'N02-XXXMKD-14102022-XX2740', 'KD.3.31031.000000', NULL, NULL, NULL, 2012, 2012, NULL, NULL, NULL, NULL, NULL, NULL, 'NEW', 'OMRON', NULL, NULL, NULL, 0, 0, NULL, NULL, NULL, NULL, b'0', NULL),
	(2741, 'Máy khí dung', 'NE - C29', '2013200875UF', 'N02-XXXMKD-14102022-XX2741', 'KD.3.31031.000000', NULL, NULL, NULL, 2012, 2012, NULL, NULL, NULL, NULL, NULL, NULL, 'NEW', 'OMRON', NULL, NULL, NULL, 0, 0, NULL, NULL, NULL, NULL, b'0', NULL),
	(2742, 'Máy khí dung', 'NE - C29', '20130400625UF', 'N02-XXXMKD-14102022-XX2742', 'KD.3.31031.000000', NULL, NULL, NULL, 2012, 2012, NULL, NULL, NULL, NULL, NULL, NULL, 'NEW', 'OMRON', NULL, NULL, NULL, 0, 0, NULL, NULL, NULL, NULL, b'0', NULL),
	(2743, 'Máy khí dung', 'NE - C29', '20130400626UF', 'N02-XXXMKD-14102022-XX2743', 'KD.3.31031.000000', NULL, NULL, NULL, 2012, 2012, NULL, NULL, NULL, NULL, NULL, NULL, 'NEW', 'OMRON', NULL, NULL, NULL, 0, 0, NULL, NULL, NULL, NULL, b'0', NULL),
	(2744, 'Máy hút dịch cho trẻ sơ sinh', 'AS-65/H', '1397-05/03', 'N02-XXXMHD-14102022-XX2744', 'HD.3.31031.970503', NULL, NULL, NULL, 2003, 2003, NULL, NULL, NULL, NULL, NULL, NULL, 'NEW', 'ALSA', NULL, NULL, NULL, 0, 0, NULL, NULL, NULL, NULL, b'0', NULL),
	(2745, 'Máy hút dịch ALPOK2 9E-A', 'ALK812', 'HE201612422', 'N02-XXXMHD-14102022-XX2745', 'HD.3.31031.612422', NULL, NULL, NULL, 2012, 2012, NULL, NULL, NULL, NULL, NULL, NULL, 'NEW', 'ALPOK2', NULL, NULL, NULL, 0, 0, NULL, NULL, NULL, NULL, b'0', NULL),
	(2746, 'Tủ bảo quản dược phẩm,sinh phẩm', 'HYC - 260', 'BE02S DE1T0 0QEK4 P0011', 'N07-XXXBQL-14102022-XX2746', 'TBQ.3.31031.000011', NULL, NULL, NULL, 2019, 2019, NULL, NULL, NULL, NULL, NULL, NULL, 'NEW', 'Haier BioMedical', NULL, NULL, NULL, 0, 0, NULL, NULL, NULL, NULL, b'0', NULL),
	(2747, 'Tủ bảo quản Vacxin chuyên dụng', 'HBC - 340', 'BEO7G ME0N0 0QEK5 60023', 'N13-HT/TBK-14102022-XX2747', 'TBQ.3.31031.560023', NULL, NULL, NULL, 2019, 2019, NULL, NULL, NULL, NULL, NULL, NULL, 'NEW', 'Haier BioMedical', NULL, NULL, NULL, 12, 0, NULL, NULL, NULL, NULL, b'0', NULL),
	(2748, 'Máy điện tim Nihon Kohden', 'ECG-1250K', '02908', 'N10-XXXMĐT-15102022-XX2748', '?T.3.31031.002908', NULL, NULL, NULL, 2008, 2009, NULL, NULL, NULL, NULL, NULL, NULL, 'NEW', 'Nihon Kohden', NULL, NULL, NULL, 0, 0, NULL, NULL, NULL, NULL, b'0', NULL),
	(2749, 'Hệ thống nội soi tiêu hoá - Bộ xử lý ảnh tích hợp nguồn sáng PENTAX', 'Epk-100p', 'EB011343', 'N11-XXNSCĐ-15102022-XX2749', 'HTNS.1.31031.011343', NULL, NULL, NULL, 2009, 2009, NULL, NULL, NULL, NULL, NULL, NULL, 'NEW', 'Hoya', NULL, NULL, NULL, 6, 0, NULL, NULL, NULL, NULL, b'0', NULL),
	(2750, 'Hệ thống nội soi tiêu hoá - Bộ xử lý ảnh tích hợp nguồn sáng PENTAX', 'Epk - p', 'EB011708', 'N11-XXNSCĐ-15102022-XX2750', 'HTNS.3.31031.011708', NULL, NULL, NULL, 2017, 2017, NULL, NULL, NULL, NULL, NULL, NULL, 'NEW', 'Hoya', NULL, NULL, NULL, 0, 0, NULL, NULL, NULL, NULL, b'0', NULL),
	(2753, 'Máy theo dõi bệnh nhân Bionet', 'BM-5', 'D8R1000024', 'N02-XXXMTD-15102022-XX2753', 'TDBN.3.31031.000024', NULL, NULL, NULL, 2017, 2017, NULL, NULL, NULL, NULL, NULL, NULL, 'NEW', 'Bionet', NULL, NULL, NULL, 0, 0, NULL, NULL, NULL, NULL, b'0', NULL),
	(2754, 'Máy hút dịch New Hospivac 350', 'New Hospivac 350', '27656', 'N02-XXXMHD-15102022-XX2754', 'HD.3.31031.027656', NULL, NULL, NULL, 2020, 2020, NULL, NULL, NULL, NULL, NULL, NULL, 'NEW', 'CA-MI S.R.L', NULL, NULL, NULL, 0, 0, NULL, NULL, NULL, NULL, b'0', NULL),
	(2755, 'Kính sinh hiển vi khám mắt', 'S-350C', '351C - J201805238', 'N04-XKHVPT-15102022-XX2755', 'HV.3.31031.805238', NULL, NULL, NULL, 2018, 2018, NULL, NULL, NULL, NULL, NULL, NULL, 'NEW', 'Shanghai', NULL, NULL, NULL, 0, 0, NULL, NULL, NULL, NULL, b'0', NULL),
	(2756, 'Nồi nấu nước điện 3 pha', 'MKDD0001', '0000', 'N13-HT/TBK-31102022-XX2756', 'NN.3.31031.000000', NULL, NULL, NULL, 2020, 2020, NULL, NULL, NULL, NULL, NULL, 'máy mua', 'NEW', 'Đông Dương', NULL, NULL, NULL, 3, 0, NULL, NULL, NULL, NULL, b'0', NULL),
	(2757, 'Tủ bảo quản thuốc, dược phẩm', 'VH-8009HP', '22.4200100.168', 'N07-XXXBQL-31102022-XX2757', 'TBQ.3.31031.100168', NULL, NULL, NULL, 2020, 2020, NULL, NULL, NULL, NULL, NULL, 'Máy mua', 'NEW', 'Nasaky', NULL, NULL, NULL, 12, 0, NULL, NULL, NULL, NULL, b'0', NULL),
	(2758, 'Máy hút dịch', 'RF-20', '202107080014', 'N02-XXXMHD-23012023-XX2758', 'VS.3.31031.202107080014', NULL, NULL, NULL, 2021, 2021, NULL, 2900000, NULL, NULL, NULL, NULL, 'NEW', 'LUCASS', NULL, NULL, NULL, 3, 0, NULL, NULL, NULL, NULL, b'0', NULL),
	(2762, 'Máy Realtime PCR', 'CFX96Dx ORM', '787BR16554', 'N07-XXXXXX-23012023-XX2762', 'VS.1.31031.787BR16554', NULL, NULL, NULL, 2021, 2021, NULL, NULL, NULL, NULL, NULL, NULL, 'NEW', 'BIORAD', NULL, NULL, NULL, 12, 0, NULL, NULL, NULL, NULL, b'0', NULL),
	(2763, 'Máy  Realtime PCR', 'CFX96Dx ORM', '787BR16555', 'N07-XXXXXX-24012023-XX2763', 'VS.1.31031.787BR16555', NULL, NULL, NULL, 2021, 2021, NULL, NULL, NULL, NULL, NULL, NULL, 'NEW', 'BIORAD', NULL, NULL, NULL, 12, 0, NULL, NULL, NULL, NULL, b'0', NULL),
	(2766, 'Máy tách triết', 'INT-50104', 'HWTD(10)-1415-08-027', 'N07-XXXXXX-24012023-XX2766', 'VS.1.31031.HWTD(10)-1415-08-027', NULL, NULL, NULL, 2021, 2021, NULL, NULL, NULL, NULL, NULL, NULL, 'NEW', 'Miracle-AutoXT', NULL, NULL, NULL, 6, 0, NULL, NULL, NULL, NULL, b'0', NULL),
	(2767, 'Máy ly tâm', 'Z216MK', '61B2100089', 'N07-XXXXXX-24012023-XX2767', 'VS.1.310311.61B2100089', NULL, NULL, NULL, 2001, 2021, NULL, NULL, NULL, NULL, NULL, NULL, 'NEW', 'HERMLE', NULL, NULL, NULL, 12, 12, NULL, NULL, NULL, NULL, b'0', NULL),
	(2768, 'Máy ly tâm', 'Z216MK', '61B2100088', 'N07-XXXXXX-24012023-XX2768', 'VS.1.31031.61B2100088', NULL, NULL, NULL, 2021, 2021, NULL, NULL, NULL, NULL, NULL, NULL, 'NEW', 'HERMLE', NULL, NULL, NULL, 12, 12, NULL, NULL, NULL, NULL, b'0', NULL),
	(2769, 'VOTEX', 'Delta Mixer', '90900348', 'N07-XXXXXX-24012023-XX2769', 'VS.3.31031.90900348', NULL, NULL, NULL, 2021, NULL, NULL, NULL, NULL, NULL, NULL, NULL, 'NEW', 'MIXER', NULL, NULL, NULL, 12, 0, NULL, NULL, NULL, NULL, b'0', NULL),
	(2771, 'Monitor theo dõi bệnh nhân', 'OMNI', '3G5AAIU-096', 'N02-XXXMTD-31012023-XX2771', 'TDBN.1.31031.3G5AAIU-096', NULL, NULL, NULL, 2010, 2010, NULL, NULL, NULL, NULL, NULL, NULL, 'NEW', 'Infinium Medical', NULL, NULL, NULL, 12, 0, NULL, NULL, NULL, NULL, b'0', NULL),
	(2772, 'Máy theo dõi bệnh nhân', 'OMNI', 'G35AA3M - 030', 'N02-XXXXXX-31012023-XX2772', 'TDBN.1.31031.G35AA3M - 030', NULL, NULL, NULL, 2021, NULL, NULL, NULL, NULL, NULL, NULL, NULL, 'NEW', 'Infinium Medical', NULL, NULL, NULL, 12, 0, NULL, NULL, NULL, NULL, b'0', NULL),
	(2773, 'Máy theo dõi bệnh nhân', 'OMNI', 'CN3GAAJS00140', 'N02-XXXXXX-31012023-XX2773', 'TDBN.1.31031.CN3GAAJS00140', NULL, NULL, NULL, 2010, NULL, NULL, NULL, NULL, NULL, NULL, NULL, 'NEW', 'Infinium Medical', NULL, NULL, NULL, 12, 0, NULL, NULL, NULL, NULL, b'0', NULL),
	(2774, 'Máy theo dõi bệnh nhân', 'OMNI', 'CN3GAAJS00143', 'N02-XXXXXX-31012023-XX2774', 'TDBN.1.31031.CN3GAAJS00143', NULL, NULL, NULL, 2010, NULL, NULL, NULL, NULL, NULL, NULL, NULL, 'NEW', 'Infinium Medical', NULL, NULL, NULL, 12, 0, NULL, NULL, NULL, NULL, b'0', NULL),
	(2775, 'Máy theo dõi bệnh nhân', 'OMNI', '3G5AAIU - 096', 'N02-XXXXXX-31012023-XX2775', 'TDBN.1.31031.3G5AAIU - 096', NULL, NULL, NULL, 2010, NULL, NULL, NULL, NULL, NULL, NULL, NULL, 'NEW', 'Infinium Medical', NULL, NULL, NULL, 12, 0, NULL, NULL, NULL, NULL, b'0', NULL),
	(2776, 'Máy theo dõi bệnh nhân', 'OMNI', 'CN3GAA', 'N02-XXXXXX-30012023-XX2776', 'TDBN.1.31031.CN3GAA', NULL, NULL, NULL, 2010, NULL, NULL, NULL, NULL, NULL, NULL, NULL, 'NEW', 'Infinium Medical', NULL, NULL, NULL, 12, 0, NULL, NULL, NULL, NULL, b'0', NULL),
	(2777, 'Máy theo dõi bệnh nhân', 'OMNI', 'CN3GAA55', 'N02-XXXXXX-30012023-XX2777', 'TDBN.1.31031.CN3GAA55', NULL, NULL, NULL, 2010, NULL, NULL, NULL, NULL, NULL, NULL, NULL, 'NEW', 'Infinium Medical', NULL, NULL, NULL, 12, 0, NULL, NULL, NULL, NULL, b'0', NULL),
	(2778, 'Máy theo dõi bệnh nhân', 'BSM-3562', '27810', 'N02-XXXXXX-31012023-XX2778', 'TDBN.1.31031.27810', NULL, NULL, NULL, 2020, NULL, NULL, NULL, NULL, NULL, NULL, NULL, 'NEW', 'Nihonkohden', NULL, NULL, NULL, 12, 0, NULL, NULL, NULL, NULL, b'0', NULL),
	(2779, 'Máy theo dõi bệnh nhân', 'BSM-3562', '27809', 'N02-XXXXXX-30012023-XX2779', 'TDBN.1.31031.27809', NULL, NULL, NULL, 2020, NULL, NULL, NULL, NULL, NULL, NULL, NULL, 'NEW', 'Nihonkohden', NULL, NULL, NULL, 12, 0, NULL, NULL, NULL, NULL, b'0', NULL),
	(2780, 'Máy theo dõi bệnh nhân', 'BSM-3562', '01396', 'N02-XXXXXX-30012023-XX2780', 'TDBN.1.31031.01396', NULL, NULL, NULL, 2012, NULL, NULL, NULL, NULL, NULL, NULL, NULL, 'NEW', 'Nihonkohden', NULL, NULL, NULL, 12, 0, NULL, NULL, NULL, NULL, b'0', NULL),
	(2781, 'Máy theo dõi bệnh nhân', 'BSM-2301K', '35935', 'N02-XXXXXX-30012023-XX2781', 'TDBN.1.31031.35935', NULL, NULL, NULL, 2010, NULL, NULL, NULL, NULL, NULL, NULL, NULL, 'NEW', 'Nihonkohden', NULL, NULL, NULL, 12, 0, NULL, NULL, NULL, NULL, b'0', NULL),
	(2782, 'Máy theo dõi bệnh nhân', 'BSM-2301K', '35937', 'N02-XXXXXX-30012023-XX2782', 'TDBN.1.31031.35937', NULL, NULL, NULL, 2010, NULL, NULL, NULL, NULL, NULL, NULL, NULL, 'NEW', 'Nihonkohden', NULL, NULL, NULL, 12, 0, NULL, NULL, NULL, NULL, b'0', NULL),
	(2783, 'Máy theo dõi bệnh nhân', 'BSM-2301K', '35940', 'N02-XXXXXX-30012023-XX2783', 'TDBN.1.31031.35940', NULL, NULL, NULL, 2010, NULL, NULL, NULL, NULL, NULL, NULL, NULL, 'NEW', 'Nihonkohden', NULL, NULL, NULL, 12, 0, NULL, NULL, NULL, NULL, b'0', NULL),
	(2784, 'Máy theo dõi bệnh nhân', 'BM5', 'DQT1200011', 'N02-XXXXXX-30012023-XX2784', 'TDBN.1.31031.DQT1200011', NULL, NULL, NULL, 2019, NULL, NULL, NULL, NULL, NULL, NULL, NULL, 'NEW', 'Bionet', NULL, NULL, NULL, 12, 0, NULL, NULL, NULL, NULL, b'0', NULL),
	(2785, 'Máy theo dõi bệnh nhân', 'BM5', 'D8R0300055', 'N02-XXXXXX-30012023-XX2785', 'TDBN.3.31031.D8R0300055', NULL, NULL, NULL, 2017, NULL, NULL, NULL, NULL, NULL, NULL, NULL, 'NEW', 'Bionet', NULL, NULL, NULL, 12, 0, NULL, NULL, NULL, NULL, b'0', NULL),
	(2786, 'Máy theo dõi bệnh nhân', 'BM5', 'D8Q0100089', 'N02-XXXXXX-30012023-XX2786', 'TDBN.3.31031.D8Q0100089', NULL, NULL, NULL, 2016, NULL, NULL, NULL, NULL, NULL, NULL, NULL, 'NEW', 'Bionet', NULL, NULL, NULL, 12, 0, NULL, NULL, NULL, NULL, b'0', NULL),
	(2787, 'Máy theo dõi bệnh nhân', 'BM5', '15011', 'N02-XXXXXX-30012023-XX2787', 'TDBN.1.31031.15011', NULL, NULL, NULL, 2015, NULL, NULL, NULL, NULL, NULL, NULL, NULL, 'NEW', 'Viet Thai', NULL, NULL, NULL, 12, 0, NULL, NULL, NULL, NULL, b'0', NULL),
	(2788, 'Máy điện tim', 'ECG-1150', '07039 K', 'N10-XXXXXX-30012023-XX2788', 'ĐT.1.31031.07039 K', NULL, NULL, NULL, 2012, NULL, NULL, NULL, NULL, NULL, NULL, NULL, 'NEW', 'Nihonkohden', NULL, NULL, NULL, 12, 24, NULL, NULL, NULL, NULL, b'0', NULL),
	(2789, 'Máy sôc tim', 'TEC - 5521K', '12255', 'N02-XXXXXX-30012023-XX2789', 'ST.1.31031.12255', NULL, NULL, NULL, 2011, NULL, NULL, NULL, NULL, NULL, NULL, NULL, 'NEW', 'Nihonkohden', NULL, NULL, NULL, 12, 0, NULL, NULL, NULL, NULL, b'0', NULL),
	(2790, 'Máy thở', 'SAVINA 300 Classic', 'ASNB-0589', 'N02-XXXXXX-30012023-XX2790', 'MT.1.31031.ASNB-0589', NULL, NULL, NULL, 2020, NULL, NULL, NULL, NULL, NULL, NULL, NULL, 'NEW', 'Dragerwerk AG & Co.KGaA', NULL, NULL, NULL, 12, 0, NULL, NULL, NULL, NULL, b'0', NULL),
	(2791, 'Máy thở', 'SAVINA 300 Classic', 'ASNB-0590', 'N02-XXXXMT-13102022-XX2791', 'MT.1.31031.000590', NULL, NULL, NULL, 2020, NULL, NULL, NULL, NULL, NULL, NULL, NULL, 'NEW', 'Dragerwerk AG & Co.KGaA', NULL, NULL, NULL, 0, 12, NULL, NULL, NULL, NULL, b'0', NULL),
	(2792, 'Máy thở', 'SAVINA 300 Classic', 'ASNB-0587', 'N02-XXXXXX-30012023-XX2792', 'MT131031ASNB-0587', NULL, NULL, NULL, 2020, NULL, NULL, NULL, NULL, NULL, NULL, NULL, 'NEW', 'Dragerwerk AG & Co.KGaA', NULL, NULL, NULL, 12, 0, NULL, NULL, NULL, NULL, b'0', NULL),
	(2793, 'Máy thở', 'LTV2 2000', 'L96982', 'N02-XXXXXX-30012023-XX2793', 'MT.1.31031.L96982', NULL, NULL, NULL, 2020, 2020, NULL, NULL, NULL, NULL, NULL, NULL, 'NEW', 'Vyaire', NULL, NULL, NULL, 12, 0, NULL, NULL, NULL, NULL, b'0', NULL),
	(2794, 'Máy thở', 'LTV2 2000', 'L99959', 'N02-XXXXXX-30012023-XX2794', 'MT.1.31031.L99959', NULL, NULL, NULL, 2020, NULL, NULL, NULL, NULL, NULL, NULL, NULL, 'NEW', 'Vyaire', NULL, NULL, NULL, 12, 0, NULL, NULL, NULL, NULL, b'0', NULL),
	(2795, 'Máy thở', 'Evita XL', 'ASAK-0348', 'N02-XXXXXX-30012023-XX2795', 'MT.1.31031.ASAK-0348', NULL, NULL, NULL, 2009, NULL, NULL, NULL, NULL, NULL, NULL, NULL, 'NEW', 'Drager', NULL, NULL, NULL, 12, 0, NULL, NULL, NULL, NULL, b'0', NULL),
	(2796, 'Máy thở', 'Evita XL', 'ASAK-0351', 'N02-XXXXXX-30012023-XX2796', 'MT.1.31031.ASAK-0351', NULL, NULL, NULL, 2009, NULL, NULL, NULL, NULL, NULL, NULL, NULL, 'NEW', 'Drager', NULL, NULL, NULL, 12, 0, NULL, NULL, NULL, NULL, b'0', NULL),
	(2797, 'Máy thở', 'Evita XL', 'ASAK-0354', 'N02-XXXXXX-30012023-XX2797', 'MT.131031.ASAK-0354', NULL, NULL, NULL, 2009, NULL, NULL, NULL, NULL, NULL, NULL, NULL, 'NEW', 'Drager', NULL, NULL, NULL, 12, 0, NULL, NULL, NULL, NULL, b'0', NULL),
	(2798, 'Máy thở', '16186-07', 'AGT03360', 'N02-XXXXXX-30012023-XX2798', 'MT.1.31031.AGT03360', NULL, NULL, NULL, 2006, NULL, NULL, NULL, NULL, NULL, NULL, NULL, 'NEW', 'Vyaire', NULL, NULL, NULL, 12, 0, NULL, NULL, NULL, NULL, b'0', NULL),
	(2799, 'Máy thở', '16186-07', 'AHT05131', 'N02-XXXXXX-30012023-XX2799', 'MT.1.31031.AHT05131', NULL, NULL, NULL, 2009, NULL, NULL, NULL, NULL, NULL, NULL, NULL, 'NEW', 'Vyaire', NULL, NULL, NULL, 12, 0, NULL, NULL, NULL, NULL, b'0', NULL),
	(2800, 'Máy thở', 'AVEA', 'BVE01527', 'N02-XXXXXX-30012023-XX2800', 'MT.1.31031.BVE01527', NULL, NULL, NULL, 2014, NULL, NULL, NULL, NULL, NULL, NULL, NULL, 'NEW', 'AVEA Ventilator', NULL, NULL, NULL, 12, 0, NULL, NULL, NULL, NULL, b'0', NULL),
	(2801, 'Máy thở', 'eVolution 3e', 'EVL21125', 'N02-XXXXXX-30012023-XX2801', 'MT.1.31031.EVL21125', NULL, NULL, NULL, 2017, NULL, NULL, NULL, NULL, NULL, NULL, NULL, 'NEW', 'eVolution 3e', NULL, NULL, NULL, 12, 0, NULL, NULL, NULL, NULL, b'0', NULL),
	(2802, 'Máy thở', 'eVolution 3e', 'EVL21126', 'N02-XXXXXX-30012023-XX2802', 'MT.1.31031.EVL21126', NULL, NULL, NULL, 2017, NULL, NULL, NULL, NULL, NULL, NULL, NULL, 'NEW', 'eVent Medical', NULL, NULL, NULL, 12, 0, NULL, NULL, NULL, NULL, b'0', NULL),
	(2803, 'Máy thở', 'eVolution 3e', 'EVL35173', 'N02-XXXXXX-30012023-XX2803', 'MT.1.31031.EVL35173', NULL, NULL, NULL, 2017, NULL, NULL, NULL, NULL, NULL, NULL, NULL, 'NEW', 'eVent Medical', NULL, NULL, NULL, 12, 0, NULL, NULL, NULL, NULL, b'0', NULL),
	(2805, 'Máy thở', 'eVolution 3e', 'EVL35172', 'N02-XXXXXX-30012023-XX2805', 'MT.1.31031.EVL35172', NULL, NULL, NULL, 2017, NULL, NULL, NULL, NULL, NULL, NULL, NULL, 'NEW', 'eVent Medical', NULL, NULL, NULL, 12, 0, NULL, NULL, NULL, NULL, b'0', NULL),
	(2806, 'Máy thở', '840', '3510091965', 'N02-XXXXXX-30012023-XX2806', 'MT.1.31031.3510091965', NULL, NULL, NULL, 2012, NULL, NULL, NULL, NULL, NULL, NULL, NULL, 'NEW', 'Covidien', NULL, NULL, NULL, 12, 0, NULL, NULL, NULL, NULL, b'0', NULL),
	(2807, 'Máy thở', '840', '3512201045', 'N02-XXXXXX-30012023-XX2807', 'MT.1.31031.3512201045', NULL, NULL, NULL, 2020, NULL, NULL, NULL, NULL, NULL, NULL, NULL, 'NEW', 'Covidien', NULL, NULL, NULL, 12, 12, NULL, NULL, NULL, NULL, b'0', NULL),
	(2808, 'Máy thở', '840', '3512201008', 'N02-XXXXXX-30012023-XX2808', 'MT.1.31031.3512201008', NULL, NULL, NULL, 2020, NULL, NULL, NULL, NULL, NULL, NULL, NULL, 'NEW', 'Covidien', NULL, NULL, NULL, 12, 0, NULL, NULL, NULL, NULL, b'0', NULL),
	(2809, 'Máy thở', 'MV10KBO600VNM', '10KBO600VL810026', 'N02-XXXXXX-30012023-XX2809', 'MT.1.31031.10KBO600VL810026', NULL, NULL, NULL, 2020, NULL, NULL, NULL, NULL, NULL, NULL, NULL, 'NEW', 'Vsmart', NULL, NULL, NULL, 12, 0, NULL, NULL, NULL, NULL, b'0', NULL),
	(2810, 'Máy thở', 'MV10KBO600VNM', '10KBO600VL830058', 'N02-XXXXXX-30012023-XX2810', 'MT.1.31031.10KBO600VL830058', NULL, NULL, NULL, 2020, NULL, NULL, NULL, NULL, NULL, NULL, NULL, 'NEW', 'Vsmart', NULL, NULL, NULL, 12, 0, NULL, NULL, NULL, NULL, b'0', NULL),
	(2811, 'Máy lọc máu', 'Prisma Flex 955052', 'PA23188', 'N03-XXXXXX-30012023-XX2811', 'LM.3.31031.PA23188', NULL, NULL, NULL, 2019, NULL, NULL, NULL, NULL, NULL, NULL, NULL, 'NEW', 'Gambro', NULL, NULL, NULL, 12, 0, NULL, NULL, NULL, NULL, b'0', NULL),
	(2812, 'Máy lọc máu B-Braun', '7106505', '004277', 'N03-MSLMLT-30012023-XX2812', 'LM.3.31031.004277', NULL, NULL, NULL, 2018, NULL, NULL, NULL, NULL, NULL, NULL, NULL, 'NEW', 'B.Braun Avitum AG', NULL, NULL, NULL, 12, 0, NULL, NULL, NULL, NULL, b'0', NULL),
	(2813, 'Máy truyền dịch', 'TE-LF630', '1912010041', 'N02-XXXXXX-30012023-XX2813', 'TD.1.31031.1912010041', NULL, NULL, NULL, 2019, NULL, NULL, NULL, NULL, NULL, NULL, NULL, 'NEW', 'Terumo', NULL, NULL, NULL, 12, 0, NULL, NULL, NULL, NULL, b'0', NULL),
	(2814, 'Máy truyền dịch', 'TE-LF630', '1912010015', 'N02-HT/TBK-30012023-XX2814', 'TD.1.31031.1912010015', NULL, NULL, NULL, 2019, NULL, NULL, NULL, NULL, NULL, NULL, NULL, 'NEW', 'Terumo', NULL, NULL, NULL, 12, 12, NULL, NULL, NULL, NULL, b'0', NULL),
	(2815, 'Máy truyền dịch', 'TE-LF630', '1912010021', 'N02-XXXXXX-30012023-XX2815', 'TD.1.31031.1912010021', NULL, NULL, NULL, 2019, NULL, NULL, NULL, NULL, NULL, NULL, NULL, 'NEW', 'Terumo', NULL, NULL, NULL, 12, 0, NULL, NULL, NULL, NULL, b'0', NULL),
	(2816, 'Bơm tiêm điện', 'TE*SS700N03', '1811010254', 'N02-XXXXXX-30012023-XX2816', 'BT.3.31031.1811010254', NULL, NULL, NULL, 2018, NULL, NULL, NULL, NULL, NULL, NULL, NULL, 'NEW', 'Terumo', NULL, NULL, NULL, 12, 12, NULL, NULL, NULL, NULL, b'0', NULL),
	(2817, 'Bơm tiêm điện', 'TE*SS700N03', '1908010517', 'N02-XXXXXX-30012023-XX2817', 'BT.1.31031.1908010517', NULL, NULL, NULL, 2019, NULL, NULL, NULL, NULL, NULL, NULL, NULL, 'NEW', 'Terumo', NULL, NULL, NULL, 12, 0, NULL, NULL, NULL, NULL, b'0', NULL),
	(2818, 'Bơm tiêm điện', 'Perfusor Compact 8714827', '225423', 'N02-XXXXXX-30012023-XX2818', 'BT.3.31031.225423', NULL, NULL, NULL, 2016, NULL, NULL, NULL, NULL, NULL, NULL, NULL, 'NEW', 'B.Braun Melsugen AG', NULL, NULL, NULL, 12, 0, NULL, NULL, NULL, NULL, b'0', NULL),
	(2819, 'Bơm tiêm điện', 'TE*SS700N03', '1703010872', 'N02-XXXXXX-30012023-XX2819', 'BT.3.31031.1703010872', NULL, NULL, NULL, 2017, NULL, NULL, NULL, NULL, NULL, NULL, NULL, 'NEW', 'Terumo', NULL, NULL, NULL, 12, 0, NULL, NULL, NULL, NULL, b'0', NULL),
	(2820, 'Máy phun sương khử khuẩn', 'Alfasol', 'AFC-0200-00133', 'N08-XXXXXX-30012023-XX2820', 'KK.3.31031.AFC-0200-00133', NULL, NULL, NULL, 2020, NULL, NULL, 0, NULL, NULL, NULL, NULL, 'NEW', 'Lavitec', NULL, NULL, NULL, 12, 0, NULL, NULL, NULL, NULL, b'0', NULL),
	(2821, 'Máy hút dịch', '7E-A', '00330', 'N02-XXXXXX-30012023-XX2821', 'KK.3.31031.00330', NULL, NULL, NULL, 2020, NULL, NULL, NULL, NULL, NULL, NULL, NULL, 'NEW', 'Jiangsu yuyue', NULL, NULL, NULL, 3, 0, NULL, NULL, NULL, NULL, b'0', NULL),
	(2822, 'Máy hút dịch', '7E-A', '00342', 'N02-XXXXXX-30012023-XX2822', 'HD.3.31031.000342', NULL, NULL, NULL, 2020, NULL, NULL, NULL, NULL, NULL, NULL, NULL, 'NEW', 'Jiangsu yuyue', NULL, NULL, NULL, 3, 0, NULL, NULL, NULL, NULL, b'0', NULL),
	(2824, 'Máy hút dịch', '7E-A', '\'00433', 'N02-XXXMHD-04112022-XX2824', 'HD.3.31031.00433', NULL, NULL, NULL, 2018, NULL, NULL, NULL, NULL, NULL, NULL, NULL, 'NEW', 'Jiangsu yuyue', NULL, NULL, NULL, 0, 12, NULL, NULL, NULL, NULL, b'0', NULL),
	(2878, 'Máy điện tim', 'ECG/1250K', '13330', 'N02-XXXXXX-29012023-XX2878', 'ĐT.3.31031.13330', NULL, NULL, NULL, 2016, 2017, NULL, NULL, NULL, NULL, NULL, NULL, 'NEW', 'Nihonkohden', NULL, NULL, NULL, 12, 24, NULL, NULL, NULL, NULL, b'0', NULL),
	(2879, 'Máy thở   Vsmart VFS-410', 'MV10KBO600VNM', '10KBO600VL8F0072', 'N02-XXXXXX-29012023-XX2879', 'MT.1.31031.10KBO600VL8F0072', NULL, NULL, NULL, 2020, 2022, NULL, NULL, NULL, NULL, NULL, NULL, 'NEW', 'Vsmart', NULL, NULL, NULL, 12, 0, NULL, NULL, NULL, NULL, b'0', NULL),
	(2883, 'Máy xét nghiệm sinh hóa ', 'CS-680', '2100680CS0033K', 'N07-XNSH/MD-22102022-XX2883', 'XN.3.31031.000000', NULL, NULL, NULL, 2021, 2021, NULL, NULL, NULL, NULL, NULL, NULL, 'NEW', 'DIRUI', NULL, NULL, NULL, 0, 0, NULL, NULL, NULL, NULL, b'0', NULL),
	(2884, 'Máy xét nghiệm miễn dịch', 'Finecare Fia Meter Plus', 'FS1132104209187', 'N07-XXXXXX-12112022-XX2884', 'XN.3.31031.209187', NULL, NULL, NULL, 2021, 2021, NULL, NULL, NULL, NULL, NULL, NULL, 'NEW', 'Wondfo', NULL, NULL, NULL, 0, 0, NULL, NULL, NULL, NULL, b'0', NULL),
	(2886, 'Máy theo dõi bệnh nhân', 'Vista 120S', 'S2SNN0028', 'X-XXXXXX-14102022-XX2886', 'TDBN.1.31031.000028', NULL, NULL, NULL, 2020, 2022, NULL, NULL, NULL, NULL, NULL, NULL, 'NEW', 'Draeger', NULL, NULL, NULL, 0, 0, NULL, NULL, NULL, NULL, b'0', NULL),
	(2887, 'Máy theo dõi bệnh nhân', 'Vista 120S', 'S2SNN0022  ', 'X-XXXXXX-14102022-XX2887', 'TDBN.1.31031.000022  ', NULL, NULL, NULL, 2020, 2022, NULL, NULL, NULL, NULL, NULL, NULL, 'NEW', 'Draeger', NULL, NULL, NULL, 0, 0, NULL, NULL, NULL, NULL, b'0', NULL),
	(2888, 'Máy theo dõi bệnh nhân', 'Vista 120S', 'S2SNN0355 ', 'X-XXXXXX-14102022-XX2888', 'TDBN.1.31031.000355 ', NULL, NULL, NULL, 2020, 2022, NULL, NULL, NULL, NULL, NULL, NULL, 'NEW', 'Draeger', NULL, NULL, NULL, 0, 0, NULL, NULL, NULL, NULL, b'0', NULL),
	(2889, 'Máy theo dõi bệnh nhân', 'Vista 120S', 'S2SNN0025 ', 'X-XXXXXX-14102022-XX2889', 'TDBN.1.31031.000025 ', NULL, NULL, NULL, 2020, 2022, NULL, NULL, NULL, NULL, NULL, NULL, 'NEW', 'Draeger', NULL, NULL, NULL, 0, 0, NULL, NULL, NULL, NULL, b'0', NULL),
	(2890, 'Máy theo dõi bệnh nhân', 'Vista 120S', 'S2SNM2285 ', 'X-XXXXXX-14102022-XX2890', 'TDBN.1.31031.002285 ', NULL, NULL, NULL, 2020, 2022, NULL, NULL, NULL, NULL, NULL, NULL, 'NEW', 'Draeger', NULL, NULL, NULL, 0, 0, NULL, NULL, NULL, NULL, b'0', NULL),
	(2891, 'Máy theo dõi bệnh nhân', 'Vista 120S', 'S2SNN0352_2', 'X-XXXXXX-30102022-XX2891', 'TDBN.1.31031.000352', NULL, NULL, NULL, 2020, 2022, NULL, NULL, NULL, NULL, NULL, NULL, 'NEW', 'Draeger', NULL, NULL, NULL, 0, 0, NULL, NULL, NULL, NULL, b'0', NULL),
	(2892, 'Máy theo dõi bệnh nhân', 'Vista 120S', 'S2SNN0326_2', 'X-XXXXXX-30102022-XX2892', 'TDBN.1.31031.000326', NULL, NULL, NULL, 2020, 2022, NULL, NULL, NULL, NULL, NULL, NULL, 'NEW', 'Draeger', NULL, NULL, NULL, 0, 0, NULL, NULL, NULL, NULL, b'0', NULL),
	(2893, 'Máy theo dõi bệnh nhân', 'Vista 120S', 'S2SNN0294   ', 'X-XXXXXX-14102022-XX2893', 'TDBN.1.31031.000294   ', NULL, NULL, NULL, 2020, 2022, NULL, NULL, NULL, NULL, NULL, NULL, 'NEW', 'Draeger', NULL, NULL, NULL, 0, 0, NULL, NULL, NULL, NULL, b'0', NULL),
	(2894, 'Máy theo dõi bệnh nhân', 'Vista 120S', 'S2SNN0299   ', 'X-XXXXXX-14102022-XX2894', 'TDBN.1.31031.000299   ', NULL, NULL, NULL, 2020, 2022, NULL, NULL, NULL, NULL, NULL, NULL, 'NEW', 'Draeger', NULL, NULL, NULL, 0, 0, NULL, NULL, NULL, NULL, b'0', NULL),
	(2895, 'Máy theo dõi bệnh nhân', 'Vista 120S', 'S2SNN0365 ', 'X-XXXXXX-14102022-XX2895', 'TDBN.1.31031.000365 ', NULL, NULL, NULL, 2020, 2022, NULL, NULL, NULL, NULL, NULL, NULL, 'NEW', 'Draeger', NULL, NULL, NULL, 0, 0, NULL, NULL, NULL, NULL, b'0', NULL),
	(2896, 'Máy theo dõi bệnh nhân', 'Vista 120S', 'S2SNM2444  ', 'X-XXXXXX-14102022-XX2896', 'TDBN.1.31031.002444  ', NULL, NULL, NULL, 2020, 2022, NULL, NULL, NULL, NULL, NULL, NULL, 'NEW', 'Draeger', NULL, NULL, NULL, 0, 0, NULL, NULL, NULL, NULL, b'0', NULL),
	(2897, 'Máy theo dõi bệnh nhân', 'Vista 120S', 'S2SNN0013 ', 'X-XXXXXX-14102022-XX2897', 'TDBN.1.31031.000013 ', NULL, NULL, NULL, 2020, 2022, NULL, NULL, NULL, NULL, NULL, NULL, 'NEW', 'Draeger', NULL, NULL, NULL, 0, 0, NULL, NULL, NULL, NULL, b'0', NULL),
	(2898, 'Máy theo dõi bệnh nhân', 'Vista 120S', 'S2SNN0288', 'X-XXXXXX-14102022-XX2898', 'TDBN.1.31031.000288', NULL, NULL, NULL, 2020, 2022, NULL, NULL, NULL, NULL, NULL, NULL, 'NEW', 'Draeger', NULL, NULL, NULL, 0, 0, NULL, NULL, NULL, NULL, b'0', NULL),
	(2899, 'Máy theo dõi bệnh nhân', 'Vista 120S', 'S2SNN0394 ', 'X-XXXXXX-14102022-XX2899', 'TDBN.1.31031.000394 ', NULL, NULL, NULL, 2020, 2022, NULL, NULL, NULL, NULL, NULL, NULL, 'NEW', 'Draeger', NULL, NULL, NULL, 0, 0, NULL, NULL, NULL, NULL, b'0', NULL),
	(2900, 'Máy theo dõi bệnh nhân', 'Vista 120S', 'S2SNN0058', 'X-XXXXXX-14102022-XX2900', 'TDBN.1.31031.000058', NULL, NULL, NULL, 2020, 2022, NULL, NULL, NULL, NULL, NULL, NULL, 'NEW', 'Draeger', NULL, NULL, NULL, 0, 0, NULL, NULL, NULL, NULL, b'0', NULL),
	(2901, 'Máy theo dõi bệnh nhân', 'Vista 120S', 'S2SNN0307 ', 'X-XXXXXX-14102022-XX2901', 'TDBN.1.31031.000307 ', NULL, NULL, NULL, 2020, 2022, NULL, NULL, NULL, NULL, NULL, NULL, 'NEW', 'Draeger', NULL, NULL, NULL, 0, 0, NULL, NULL, NULL, NULL, b'0', NULL),
	(2902, 'Máy theo dõi bệnh nhân', 'Vista 120S', 'S2SNM2413 ', 'X-XXXXXX-14102022-XX2902', 'TDBN.1.31031.0002413 ', NULL, NULL, NULL, 2020, 2022, NULL, NULL, NULL, NULL, NULL, NULL, 'NEW', 'Draeger', NULL, NULL, NULL, 0, 0, NULL, NULL, NULL, NULL, b'0', NULL),
	(2903, 'Máy theo dõi bệnh nhân', 'Vista 120S', 'S2SNM2405 ', 'X-XXXXXX-14102022-XX2903', 'TDBN.1.31031.002405 ', NULL, NULL, NULL, 2020, 2022, NULL, NULL, NULL, NULL, NULL, NULL, 'NEW', 'Draeger', NULL, NULL, NULL, 0, 0, NULL, NULL, NULL, NULL, b'0', NULL),
	(2904, 'Máy theo dõi bệnh nhân', 'Vista 120S', 'S2SNN0286    ', 'X-XXXXXX-14102022-XX2904', 'TDBN.1.31031.000286    ', NULL, NULL, NULL, 2020, 2022, NULL, NULL, NULL, NULL, NULL, NULL, 'NEW', 'Draeger', NULL, NULL, NULL, 0, 0, NULL, NULL, NULL, NULL, b'0', NULL),
	(2905, 'Máy theo dõi bệnh nhân', 'Vista 120S', 'S2SNN0053 ', 'X-XXXXXX-22102022-XX2905', 'TDBN.1.31031.000053 ', NULL, NULL, NULL, 2020, 2022, NULL, NULL, NULL, NULL, NULL, NULL, 'NEW', 'Draeger', NULL, NULL, NULL, 0, 0, NULL, NULL, NULL, NULL, b'0', NULL),
	(2906, 'Máy theo dõi bệnh nhân', 'Vista 120S', 'S2SNN0600', 'X-XXXXXX-14102022-XX2906', 'TDBN.1.31031.000600', NULL, NULL, NULL, 2020, 2022, NULL, NULL, NULL, NULL, NULL, NULL, 'NEW', 'Draeger', NULL, NULL, NULL, 0, 0, NULL, NULL, NULL, NULL, b'0', NULL),
	(2907, 'Máy theo dõi bệnh nhân', 'Vista 120S', 'S2SNN0499 ', 'X-XXXXXX-14102022-XX2907', 'TDBN.1.31031.000499 ', NULL, NULL, NULL, 2020, 2022, NULL, NULL, NULL, NULL, NULL, NULL, 'NEW', 'Draeger', NULL, NULL, NULL, 0, 0, NULL, NULL, NULL, NULL, b'0', NULL),
	(2908, 'Máy theo dõi bệnh nhân', 'Vista 120S', 'S2SNN0018 ', 'X-XXXXXX-14102022-XX2908', 'TDBN.1.31031.000018 ', NULL, NULL, NULL, 2020, 2022, NULL, NULL, NULL, NULL, NULL, NULL, 'NEW', 'Draeger', NULL, NULL, NULL, 0, 0, NULL, NULL, NULL, NULL, b'0', NULL),
	(2909, 'Máy theo dõi bệnh nhân', 'Vista 120S', 'S2SNN0531', 'X-XXXXXX-14102022-XX2909', 'TDBN.1.31031.000531', NULL, NULL, NULL, 2020, 2022, NULL, NULL, NULL, NULL, NULL, NULL, 'NEW', 'Draeger', NULL, NULL, NULL, 0, 0, NULL, NULL, NULL, NULL, b'0', NULL),
	(2910, 'Máy theo dõi bệnh nhân', 'Vista 120S', 'S2SNN0283 ', 'X-XXXXXX-14102022-XX2910', 'TDBN.1.31031.000283 ', NULL, NULL, NULL, 2020, 2022, NULL, NULL, NULL, NULL, NULL, NULL, 'NEW', 'Draeger', NULL, NULL, NULL, 0, 0, NULL, NULL, NULL, NULL, b'0', NULL),
	(2911, 'Máy theo dõi bệnh nhân', 'Vista 120S', 'S2SNM2432 ', 'X-XXXXXX-14102022-XX2911', 'TDBN.1.31031.002432 ', NULL, NULL, NULL, 2020, 2022, NULL, NULL, NULL, NULL, NULL, NULL, 'NEW', 'Draeger', NULL, NULL, NULL, 0, 0, NULL, NULL, NULL, NULL, b'0', NULL),
	(2912, 'Máy theo dõi bệnh nhân', 'Vista 120S', 'S2SNN0278 ', 'X-XXXXXX-14102022-XX2912', 'TDBN.1.31031.000278 ', NULL, NULL, NULL, 2020, 2022, NULL, NULL, NULL, NULL, NULL, NULL, 'NEW', 'Draeger', NULL, NULL, NULL, 0, 0, NULL, NULL, NULL, NULL, b'0', NULL),
	(2913, 'Máy theo dõi bệnh nhân', 'Vista 120S', 'S2SNN0522 ', 'X-XXXXXX-14102022-XX2913', 'TDBN.1.31031.000522 ', NULL, NULL, NULL, 2020, 2022, NULL, NULL, NULL, NULL, NULL, NULL, 'NEW', 'Draeger', NULL, NULL, NULL, 0, 0, NULL, NULL, NULL, NULL, b'0', NULL),
	(2914, 'Máy theo dõi bệnh nhân', 'Vista 120S', 'S2SNN0052 ', 'X-XXXXXX-14102022-XX2914', 'TDBN.1.31031.000052 ', NULL, NULL, NULL, 2020, 2022, NULL, NULL, NULL, NULL, NULL, NULL, 'NEW', 'Draeger', NULL, NULL, NULL, 0, 0, NULL, NULL, NULL, NULL, b'0', NULL),
	(2915, 'Máy theo dõi bệnh nhân', 'Vista 120S', 'S2SNN0320 ', 'X-XXXXXX-14102022-XX2915', 'TDBN.1.31031.000320 ', NULL, NULL, NULL, 2020, 2022, NULL, NULL, NULL, NULL, NULL, NULL, 'NEW', 'Draeger', NULL, NULL, NULL, 0, 0, NULL, NULL, NULL, NULL, b'0', NULL),
	(2916, 'Máy theo dõi bệnh nhân', 'Vista 120S', 'S2SNN0281 ', 'X-XXXXXX-14102022-XX2916', 'TDBN.1.31031.000281 ', NULL, NULL, NULL, 2020, 2022, NULL, NULL, NULL, NULL, NULL, NULL, 'NEW', 'Draeger', NULL, NULL, NULL, 0, 0, NULL, NULL, NULL, NULL, b'0', NULL),
	(2917, 'Máy theo dõi bệnh nhân', 'Vista 120S', 'S2SNN0223  ', 'X-XXXXXX-14102022-XX2917', 'TDBN.1.31031.000223  ', NULL, NULL, NULL, 2020, 2022, NULL, NULL, NULL, NULL, NULL, NULL, 'NEW', 'Draeger', NULL, NULL, NULL, 0, 0, NULL, NULL, NULL, NULL, b'0', NULL),
	(2918, 'Máy theo dõi bệnh nhân', 'Vista 120S', 'S2SNN0497 ', 'X-XXXXXX-14102022-XX2918', 'TDBN.1.31031.000497 ', NULL, NULL, NULL, 2020, 2022, NULL, NULL, NULL, NULL, NULL, NULL, 'NEW', 'Draeger', NULL, NULL, NULL, 0, 0, NULL, NULL, NULL, NULL, b'0', NULL),
	(2919, 'Máy theo dõi bệnh nhân', 'Vista 120S', 'S2SNM2438   ', 'X-XXXXXX-14102022-XX2919', 'TDBN.1.31031.002438   ', NULL, NULL, NULL, 2020, 2022, NULL, NULL, NULL, NULL, NULL, NULL, 'NEW', 'Draeger', NULL, NULL, NULL, 0, 0, NULL, NULL, NULL, NULL, b'0', NULL),
	(2920, 'Máy theo dõi bệnh nhân', 'Vista 120S', 'S2SNN0357', 'X-XXXXXX-14102022-XX2920', 'TDBN.1.31031.000357', NULL, NULL, NULL, 2020, 2022, NULL, NULL, NULL, NULL, NULL, NULL, 'NEW', 'Draeger', NULL, NULL, NULL, 0, 0, NULL, NULL, NULL, NULL, b'0', NULL),
	(2921, 'Máy theo dõi bệnh nhân', 'Vista 120S', 'S2SNN0325   ', 'X-XXXXXX-14102022-XX2921', 'TDBN.1.31031.000325   ', NULL, NULL, NULL, 2020, 2022, NULL, NULL, NULL, NULL, NULL, NULL, 'NEW', 'Draeger', NULL, NULL, NULL, 0, 0, NULL, NULL, NULL, NULL, b'0', NULL),
	(2922, 'Máy theo dõi bệnh nhân', 'Vista 120S', 'S2SNN0398   ', 'X-XXXXXX-14102022-XX2922', 'TDBN.1.31031.000398   ', NULL, NULL, NULL, 2020, 2022, NULL, NULL, NULL, NULL, NULL, NULL, 'NEW', 'Draeger', NULL, NULL, NULL, 0, 0, NULL, NULL, NULL, NULL, b'0', NULL),
	(2923, 'Máy theo dõi bệnh nhân', 'Vista 120S', 'S2SNN0276', 'X-XXXXXX-14102022-XX2923', 'TDBN.1.31031.000276', NULL, NULL, NULL, 2020, 2022, NULL, NULL, NULL, NULL, NULL, NULL, 'NEW', 'Draeger', NULL, NULL, NULL, 0, 0, NULL, NULL, NULL, NULL, b'0', NULL),
	(2924, 'Máy theo dõi bệnh nhân', 'Vista 120S', 'S2SNN0020  ', 'X-XXXXXX-14102022-XX2924', 'TDBN.1.31031.000020  ', NULL, NULL, NULL, 2020, 2022, NULL, NULL, NULL, NULL, NULL, NULL, 'NEW', 'Draeger', NULL, NULL, NULL, 0, 0, NULL, NULL, NULL, NULL, b'0', NULL),
	(2925, 'Máy theo dõi bệnh nhân', 'Vista 120S', 'S2SNN0399 ', 'X-XXXXXX-14102022-XX2925', 'TDBN.1.31031.000399 ', NULL, NULL, NULL, 2020, 2022, NULL, NULL, NULL, NULL, NULL, NULL, 'NEW', 'Draeger', NULL, NULL, NULL, 0, 0, NULL, NULL, NULL, NULL, b'0', NULL),
	(2926, 'Máy theo dõi bệnh nhân', 'Vista 120S', 'S2SNN0353   ', 'X-XXXXXX-14102022-XX2926', 'TDBN.1.31031.000353   ', NULL, NULL, NULL, 2020, 2022, NULL, NULL, NULL, NULL, NULL, NULL, 'NEW', 'Draeger', NULL, NULL, NULL, 0, 0, NULL, NULL, NULL, NULL, b'0', NULL),
	(2927, 'Máy theo dõi bệnh nhân', 'Vista 120S', 'S2SNM2418 ', 'X-XXXXXX-14102022-XX2927', 'TDBN.1.31031.002418 ', NULL, NULL, NULL, 2020, 2022, NULL, NULL, NULL, NULL, NULL, NULL, 'NEW', 'Draeger', NULL, NULL, NULL, 0, 0, NULL, NULL, NULL, NULL, b'0', NULL),
	(2928, 'Máy theo dõi bệnh nhân', 'Vista 120S', 'S2SNN0493', 'X-XXXXXX-14102022-XX2928', 'TDBN.1.31031.000493', NULL, NULL, NULL, 2020, 2022, NULL, NULL, NULL, NULL, NULL, NULL, 'NEW', 'Draeger', NULL, NULL, NULL, 0, 0, NULL, NULL, NULL, NULL, b'0', NULL),
	(2929, 'Máy theo dõi bệnh nhân', 'Vista 120S', 'S2SNN0496', 'X-XXXXXX-14102022-XX2929', 'TDBN.1.31031.000496', NULL, NULL, NULL, 2020, 2022, NULL, NULL, NULL, NULL, NULL, NULL, 'NEW', 'Draeger', NULL, NULL, NULL, 0, 0, NULL, NULL, NULL, NULL, b'0', NULL),
	(2930, 'Máy theo dõi bệnh nhân', 'Vista 120S', 'S2SNN0059', 'X-XXXXXX-14102022-XX2930', 'TDBN.1.31031.000059', NULL, NULL, NULL, 2020, 2022, NULL, NULL, NULL, NULL, NULL, NULL, 'NEW', 'Draeger', NULL, NULL, NULL, 0, 0, NULL, NULL, NULL, NULL, b'0', NULL),
	(2931, 'Máy theo dõi bệnh nhân', 'Vista 120S', 'S2SNN0384', 'X-XXXXXX-14102022-XX2931', 'TDBN.1.31031.000384', NULL, NULL, NULL, 2020, 2022, NULL, NULL, NULL, NULL, NULL, NULL, 'NEW', 'Draeger', NULL, NULL, NULL, 0, 0, NULL, NULL, NULL, NULL, b'0', NULL),
	(2932, 'Máy thở', '840 Ventilator System', '3512212462', 'X-XXXXXX-14102022-XX2932', 'MT.1.31031.212462', NULL, NULL, NULL, 2021, 2022, NULL, NULL, NULL, NULL, NULL, NULL, 'NEW', 'Puritan Bennett', NULL, NULL, NULL, 0, 0, NULL, NULL, NULL, NULL, b'0', NULL),
	(2933, 'Máy thở', '840 Ventilator System', '3512212492', 'X-XXXXXX-14102022-XX2933', 'MT.1.31031.212492', NULL, NULL, NULL, 2021, 2022, NULL, NULL, NULL, NULL, NULL, NULL, 'NEW', 'Puritan Bennett', NULL, NULL, NULL, 0, 0, NULL, NULL, NULL, NULL, b'0', NULL),
	(2934, 'Máy thở', '840 Ventilator System', '3512212466', 'X-XXXXXX-14102022-XX2934', 'MT.1.31031.212466', NULL, NULL, NULL, 2021, 2022, NULL, NULL, NULL, NULL, NULL, NULL, 'NEW', 'Puritan Bennett', NULL, NULL, NULL, 0, 0, NULL, NULL, NULL, NULL, b'0', NULL),
	(2935, 'Máy thở', '840 Ventilator System', '3512212463', 'X-XXXXXX-14102022-XX2935', 'MT.1.31031.212463', NULL, NULL, NULL, 2021, 2022, NULL, NULL, NULL, NULL, NULL, NULL, 'NEW', 'Puritan Bennett', NULL, NULL, NULL, 0, 0, NULL, NULL, NULL, NULL, b'0', NULL),
	(2936, 'Máy thở', '840 Ventilator System', '3512212215', 'X-XXXXXX-14102022-XX2936', 'MT.1.31031.212215', NULL, NULL, NULL, 2021, 2022, NULL, NULL, NULL, NULL, NULL, NULL, 'NEW', 'Puritan Bennett', NULL, NULL, NULL, 0, 0, NULL, NULL, NULL, NULL, b'0', NULL),
	(2937, 'Máy thở', '840 Ventilator System', '3512212508', 'X-XXXXXX-14102022-XX2937', 'MT.1.31031.212508', NULL, NULL, NULL, 2021, 2022, NULL, NULL, NULL, NULL, NULL, NULL, 'NEW', 'Puritan Bennett', NULL, NULL, NULL, 0, 0, NULL, NULL, NULL, NULL, b'0', NULL),
	(2938, 'Máy thở', '840 Ventilator System', '3512212533', 'X-XXXXXX-14102022-XX2938', 'MT.1.31031.212533', NULL, NULL, NULL, 2021, 2022, NULL, NULL, NULL, NULL, NULL, NULL, 'NEW', 'Puritan Bennett', NULL, NULL, NULL, 0, 0, NULL, NULL, NULL, NULL, b'0', NULL),
	(2939, 'Máy thở', '840 Ventilator System', '3512212535', 'X-XXXXXX-14102022-XX2939', 'MT.1.31031.212535', NULL, NULL, NULL, 2021, 2022, NULL, NULL, NULL, NULL, NULL, NULL, 'NEW', 'Puritan Bennett', NULL, NULL, NULL, 0, 0, NULL, NULL, NULL, NULL, b'0', NULL),
	(2940, 'Máy thở', '840 Ventilator System', '3512212549', 'X-XXXXXX-14102022-XX2940', 'MT.1.31031.212549', NULL, NULL, NULL, 2021, 2022, NULL, NULL, NULL, NULL, NULL, NULL, 'NEW', 'Puritan Bennett', NULL, NULL, NULL, 0, 0, NULL, NULL, NULL, NULL, b'0', NULL),
	(2941, 'Máy thở', '840 Ventilator System', '3512212517', 'X-XXXXXX-14102022-XX2941', 'MT.1.31031.212517', NULL, NULL, NULL, 2021, 2022, NULL, NULL, NULL, NULL, NULL, NULL, 'NEW', 'Puritan Bennett', NULL, NULL, NULL, 0, 0, NULL, NULL, NULL, NULL, b'0', NULL),
	(2942, 'Máy thở', 'Evita V600', 'ASPK-0020', 'X-XXXXXX-14102022-XX2942', 'MT.1.31031.000020', NULL, NULL, NULL, 2021, 2021, NULL, NULL, NULL, NULL, NULL, NULL, 'NEW', 'Draeger', NULL, NULL, NULL, 0, 0, NULL, NULL, NULL, NULL, b'0', NULL),
	(2943, 'Máy thở', 'Evita V600', 'ASPJ-0275', 'X-XXXXXX-14102022-XX2943', 'MT.1.31031.000275', NULL, NULL, NULL, 2021, 2021, NULL, NULL, NULL, NULL, NULL, NULL, 'NEW', 'Draeger', NULL, NULL, NULL, 0, 0, NULL, NULL, NULL, NULL, b'0', NULL),
	(2944, 'Máy thở', 'Evita V600', 'ASPJ0270', 'X-XXXXXX-14102022-XX2944', 'MT.1.31031.000270', NULL, NULL, NULL, 2021, 2021, NULL, NULL, NULL, NULL, NULL, NULL, 'NEW', 'Draeger', NULL, NULL, NULL, 0, 0, NULL, NULL, NULL, NULL, b'0', NULL),
	(2945, 'Máy thở', 'Evita V600', 'ASPK-0016', 'X-XXXXXX-14102022-XX2945', 'MT.1.31031.000016', NULL, NULL, NULL, 2021, 2021, NULL, NULL, NULL, NULL, NULL, NULL, 'NEW', 'Draeger', NULL, NULL, NULL, 0, 0, NULL, NULL, NULL, NULL, b'0', NULL),
	(2946, 'Máy thở', 'Evita V600', 'ASPK0012', 'X-XXXXXX-14102022-XX2946', 'MT.1.31031.000012', NULL, NULL, NULL, 2021, 2021, NULL, NULL, NULL, NULL, NULL, NULL, 'NEW', 'Draeger', NULL, NULL, NULL, 0, 0, NULL, NULL, NULL, NULL, b'0', NULL),
	(2947, 'Máy thở', 'Evita V600', 'ASPJ0266', 'X-XXXXXX-14102022-XX2947', 'MT.1.31031.000266', NULL, NULL, NULL, 2021, 2021, NULL, NULL, NULL, NULL, NULL, NULL, 'NEW', 'Draeger', NULL, NULL, NULL, 0, 0, NULL, NULL, NULL, NULL, b'0', NULL),
	(2948, 'Máy thở', 'Evita V600', 'ASPK-0022', 'X-XXXXXX-14102022-XX2948', 'MT.1.31031.000022', NULL, NULL, NULL, 2021, 2021, NULL, NULL, NULL, NULL, NULL, NULL, 'NEW', 'Draeger', NULL, NULL, NULL, 0, 0, NULL, NULL, NULL, NULL, b'0', NULL),
	(2949, 'Máy thở', 'Evita V600', 'ASPJ-0272', 'X-XXXXXX-14102022-XX2949', 'MT.1.31031.000272', NULL, NULL, NULL, 2021, 2021, NULL, NULL, NULL, NULL, NULL, NULL, 'NEW', 'Draeger', NULL, NULL, NULL, 0, 0, NULL, NULL, NULL, NULL, b'0', NULL),
	(2950, 'Máy thở', 'Evita V600', 'ASPK-0019', 'X-XXXXXX-14102022-XX2950', 'MT.1.31031.000019', NULL, NULL, NULL, 2021, 2021, NULL, NULL, NULL, NULL, NULL, NULL, 'NEW', 'Draeger', NULL, NULL, NULL, 0, 0, NULL, NULL, NULL, NULL, b'0', NULL),
	(2951, 'Máy thở', 'Evita V600', 'ASPJ-0274', 'X-XXXXXX-14102022-XX2951', 'MT.1.31031.000274', NULL, NULL, NULL, 2021, 2021, NULL, NULL, NULL, NULL, NULL, NULL, 'NEW', 'Draeger', NULL, NULL, NULL, 0, 0, NULL, NULL, NULL, NULL, b'0', NULL),
	(2952, 'Máy  thở oxy dòng cao', 'NeoHIF-17', 'XYZW0875', 'X-XXXXXX-22102022-XX2952', 'MT.1.31031.000875', NULL, NULL, NULL, 2021, NULL, NULL, NULL, NULL, NULL, NULL, NULL, 'NEW', 'Heyer', NULL, NULL, NULL, 0, 0, NULL, NULL, NULL, NULL, b'0', NULL),
	(2953, 'Máy  thở oxy dòng cao', 'NeoHIF-17', 'XYZW0485', 'X-XXXXXX-22102022-XX2953', 'MT.1.31031.000485', NULL, NULL, NULL, 2021, NULL, NULL, NULL, NULL, NULL, NULL, NULL, 'NEW', 'Heyer', NULL, NULL, NULL, 0, 0, NULL, NULL, NULL, NULL, b'0', NULL),
	(2954, 'Máy  thở oxy dòng cao', 'NeoHIF-17', 'XYZW0839-x', 'X-XXXXXX-22102022-XX2954', 'XQ.2.31031.000000', NULL, NULL, NULL, 2021, NULL, NULL, NULL, NULL, NULL, NULL, NULL, 'NEW', 'Heyer', NULL, NULL, NULL, 0, 0, NULL, NULL, NULL, NULL, b'0', NULL),
	(2955, 'Máy  thở oxy dòng cao', 'NeoHIF-17', 'XYZW0482', 'X-XXXXXX-22102022-XX2955', 'MT.1.31031.000482', NULL, NULL, NULL, 2021, NULL, NULL, NULL, NULL, NULL, NULL, NULL, 'NEW', 'Heyer', NULL, NULL, NULL, 0, 0, NULL, NULL, NULL, NULL, b'0', NULL),
	(2956, 'Máy  thở oxy dòng cao', 'NeoHIF-17', 'XYZW0779', 'X-XXXXXX-22102022-XX2956', 'MT.1.31031.000779', NULL, NULL, NULL, 2021, NULL, NULL, NULL, NULL, NULL, NULL, NULL, 'NEW', 'Heyer', NULL, NULL, NULL, 0, 0, NULL, NULL, NULL, NULL, b'0', NULL),
	(2957, 'Máy  thở oxy dòng cao', 'NeoHIF-17', 'XYZW0786', 'X-XXXXXX-22102022-XX2957', 'MT.1.31031.000786', NULL, NULL, NULL, 2021, NULL, NULL, NULL, NULL, NULL, NULL, NULL, 'NEW', 'Heyer', NULL, NULL, NULL, 0, 0, NULL, NULL, NULL, NULL, b'0', NULL),
	(2958, 'Máy  thở oxy dòng cao', 'NeoHIF-17', 'XYZW0266', 'X-XXXXXX-22102022-XX2958', 'MT.1.31031.000266', NULL, NULL, NULL, 2021, NULL, NULL, NULL, NULL, NULL, NULL, NULL, 'NEW', 'Heyer', NULL, NULL, NULL, 0, 0, NULL, NULL, NULL, NULL, b'0', NULL),
	(2959, 'Máy  thở oxy dòng cao', 'NeoHIF-17', 'XYZW0995', 'X-XXXXXX-22102022-XX2959', 'MT.1.31031.000995', NULL, NULL, NULL, 2021, NULL, NULL, NULL, NULL, NULL, NULL, NULL, 'NEW', 'Heyer', NULL, NULL, NULL, 0, 0, NULL, NULL, NULL, NULL, b'0', NULL),
	(2960, 'Máy  thở oxy dòng cao', 'NeoHIF-17', 'XYZW0839', 'X-XXXXXX-22102022-XX2960', 'MT.1.31031.000839', NULL, NULL, NULL, 2021, NULL, NULL, NULL, NULL, NULL, NULL, NULL, 'NEW', 'Heyer', NULL, NULL, NULL, 0, 0, NULL, NULL, NULL, NULL, b'0', NULL),
	(2961, 'Máy  thở oxy dòng cao', 'NeoHIF-17', 'XYZW0628', 'X-XXXXXX-22102022-XX2961', 'MT.1.31031.000628', NULL, NULL, NULL, 2021, NULL, NULL, NULL, NULL, NULL, NULL, NULL, 'NEW', 'Heyer', NULL, NULL, NULL, 0, 0, NULL, NULL, NULL, NULL, b'0', NULL),
	(2962, 'Máy  thở oxy dòng cao', 'AIRVO2', '201716289174', 'X-XXXXXX-22102022-XX2962', 'MT.1.31031.289174', NULL, NULL, NULL, 2021, NULL, NULL, NULL, NULL, NULL, NULL, NULL, 'NEW', 'Fisher$Paykel', NULL, NULL, NULL, 0, 0, NULL, NULL, NULL, NULL, b'0', NULL),
	(2963, 'Máy  thở oxy dòng cao', 'AIRVO2', '201716289215', 'X-XXXXXX-22102022-XX2963', 'MT.1.31031.6289215', NULL, NULL, NULL, 2021, NULL, NULL, NULL, NULL, NULL, NULL, NULL, 'NEW', 'Fisher$Paykel', NULL, NULL, NULL, 0, 0, NULL, NULL, NULL, NULL, b'0', NULL),
	(2964, 'Máy lọc máu liên tục  Prismaflex', 'Baxter 955052', 'PA34341', 'X-XXXXXX-15102022-XX2964', 'LMLT.1.31031.034341', NULL, NULL, NULL, 2021, NULL, NULL, NULL, NULL, NULL, NULL, NULL, 'NEW', 'Prismaflex', NULL, NULL, NULL, 0, 0, NULL, NULL, NULL, NULL, b'0', NULL),
	(2965, 'Máy lọc máu liên tục  Prismaflex', 'Baxter955052', 'PA34342', 'X-XXXXXX-15102022-XX2965', 'LMLT.1.31031.034342', NULL, NULL, NULL, 2021, NULL, NULL, NULL, NULL, NULL, NULL, NULL, 'NEW', 'Prismaflex', NULL, NULL, NULL, 0, 0, NULL, NULL, NULL, NULL, b'0', NULL),
	(2967, 'Hệ thống nội soi tiêu hoá - Bộ xử lý ảnh tích hợp nguồn sáng Fujinon', 'EXP 2500', '2V564K466', 'X-XXXXXX-15102022-XX2967', 'HTNS.3.31031.000466', NULL, NULL, NULL, 2017, 2017, NULL, NULL, NULL, NULL, NULL, NULL, 'NEW', 'Fujfilm', NULL, NULL, NULL, 0, 0, NULL, NULL, NULL, NULL, b'0', NULL),
	(2968, 'Dao mổ điện Olympus', 'PSD - 30', '7451583', 'X-XXXXXX-22102022-XX2968', 'DM.3.31031.451583', NULL, NULL, NULL, 2001, 2001, NULL, NULL, NULL, NULL, NULL, NULL, 'NEW', 'Olympus', NULL, NULL, NULL, 0, 0, NULL, NULL, NULL, NULL, b'0', NULL),
	(2969, 'Máy lưu huyết não ', 'DVM4500', '21110024', 'N10-XXXĐHA-13102022-XX2969', 'LHN33103121110024', NULL, NULL, NULL, 2022, 2022, NULL, NULL, NULL, NULL, NULL, NULL, 'NEW', 'Haneco', NULL, NULL, NULL, 0, 0, NULL, NULL, NULL, NULL, b'0', NULL),
	(2971, 'Máy gây mê kèm thở', 'AM-6000', 'YRZS019', 'X-XXXXXX-14102022-XX2971', 'MT.3.31031.000019', NULL, NULL, NULL, 2018, 2019, NULL, NULL, NULL, NULL, NULL, NULL, 'NEW', 'Advanced', NULL, NULL, NULL, 0, 0, NULL, NULL, NULL, NULL, b'0', NULL),
	(2972, 'Máy gây mê kèm thở', 'FABIUS PLUS 8606800', 'ASCA - 0078', 'X-XXXXXX-14102022-XX2972', 'MT.1.31031.000078', NULL, NULL, NULL, 2011, 2011, NULL, NULL, NULL, NULL, NULL, NULL, 'NEW', 'Drager', NULL, NULL, NULL, 0, 0, NULL, NULL, NULL, NULL, b'0', NULL),
	(2973, 'Máy gây mê kèm thở', 'FABIUS PLUS 8606800', 'ASCA - 0079', 'X-XXXXXX-14102022-XX2973', 'MT.1.31031.000079', NULL, NULL, NULL, 2011, 2011, NULL, NULL, NULL, NULL, NULL, NULL, 'NEW', 'Drager', NULL, NULL, NULL, 0, 0, NULL, NULL, NULL, NULL, b'0', NULL),
	(2974, 'Máy gây mê kèm thở', 'AKZENT', 'S1600900224', 'X-XXXXXX-14102022-XX2974', 'MT.1.31031.900224', NULL, NULL, NULL, 2009, 2009, NULL, NULL, NULL, NULL, NULL, NULL, 'NEW', 'Stephan', NULL, NULL, NULL, 0, 0, NULL, NULL, NULL, NULL, b'0', NULL),
	(2975, 'Máy gây mê kèm thở', 'AKZENT', 'S1600900223', 'X-XXXXXX-14102022-XX2975', 'MT.1.31031.900223', NULL, NULL, NULL, 2009, 2009, NULL, NULL, NULL, NULL, NULL, NULL, 'NEW', 'Stephan', NULL, NULL, NULL, 0, 0, NULL, NULL, NULL, NULL, b'0', NULL),
	(2976, 'Máy thở', 'Neumovent Graphnet TS', '180143451083A1U', 'X-XXXXXX-14102022-XX2976', 'MT.1.31031.000000', NULL, NULL, NULL, 2018, 2018, NULL, NULL, NULL, NULL, NULL, NULL, 'NEW', 'Tecme Corporation', NULL, NULL, NULL, 0, 0, NULL, NULL, NULL, NULL, b'0', NULL),
	(2977, 'Máy thở xách tay ', 'LTV2 2000', 'L98680', 'X-XXXXXX-14102022-XX2977', 'MT.1.31031.098680', NULL, NULL, NULL, 2020, 2020, NULL, NULL, NULL, NULL, NULL, NULL, 'NEW', 'Vyaire', NULL, NULL, NULL, 0, 0, NULL, NULL, NULL, NULL, b'0', NULL),
	(2978, 'Máy tán sỏi laser ', 'ACU - H2H', 'H120337', 'X-XXXXXX-14102022-XX2978', 'TS.3.31031.120337', NULL, NULL, NULL, 2020, 2020, NULL, NULL, NULL, NULL, NULL, NULL, 'NEW', 'Accu-Tech', NULL, NULL, NULL, 0, 0, NULL, NULL, NULL, NULL, b'0', NULL),
	(2979, 'Dao mổ điện ', 'ESU -X- 300NT', '4844G - 04/12', NULL, 'DM.3.31031.000412', NULL, NULL, NULL, NULL, NULL, NULL, NULL, NULL, NULL, NULL, NULL, 'NEW', 'Geiter', NULL, NULL, NULL, 0, 0, NULL, NULL, NULL, NULL, b'0', NULL),
	(2980, 'Dao mổ điện ', 'ICC 200INT', 'D - 1883', 'X-XXXXXX-14102022-XX2980', 'DM.3.31031.001883', NULL, NULL, NULL, 1992, 1992, NULL, NULL, NULL, NULL, NULL, NULL, 'NEW', 'ERBE', NULL, NULL, NULL, 0, 0, NULL, NULL, NULL, NULL, b'0', NULL),
	(2981, 'Dao mổ điện cao tần ', 'ZEUS -300', 'Z30A1010006', 'X-XXXXXX-14102022-XX2981', 'DM.3.31031.010006', NULL, NULL, NULL, 2015, 2015, NULL, NULL, NULL, NULL, NULL, NULL, 'NEW', 'ZERONE', NULL, NULL, NULL, 0, 0, NULL, NULL, NULL, NULL, b'0', NULL),
	(2982, 'Dao mổ điện cao tần ', 'ZEUS-400', 'AO3BQAS0382', 'X-XXXXXX-14102022-XX2982', 'DM.3.31031.000382', NULL, NULL, NULL, 2016, 2016, NULL, NULL, NULL, NULL, NULL, NULL, 'NEW', 'ZERONE', NULL, NULL, NULL, 0, 0, NULL, NULL, NULL, NULL, b'0', NULL),
	(2983, 'Dao mổ điện cao tần ', 'ZEUS-400', 'Z40A141000483', 'X-XXXXXX-14102022-XX2983', 'DM.3.31031.000483', NULL, NULL, NULL, 2015, 2015, NULL, NULL, NULL, NULL, NULL, NULL, 'NEW', 'ZERONE', NULL, NULL, NULL, 0, 0, NULL, NULL, NULL, NULL, b'0', NULL),
	(2984, 'Dao mổ điện ', 'LTTD350 - 2K1/03', 'B12064', 'X-XXXXXX-14102022-XX2984', 'DM331031B12064', NULL, NULL, NULL, 2012, 2010, NULL, NULL, NULL, NULL, NULL, NULL, 'NEW', 'Việt Nam', NULL, NULL, NULL, 0, 0, NULL, NULL, NULL, NULL, b'0', NULL),
	(2985, 'Dao mổ điện cao tần ', 'Excell Nhp/T-400', '560S-03/19', 'X-XXXXXX-14102022-XX2985', 'DM.3.31031.000319', NULL, NULL, NULL, 2018, 2018, NULL, NULL, NULL, NULL, NULL, NULL, 'NEW', 'ALSA', NULL, NULL, NULL, 0, 0, NULL, NULL, NULL, NULL, b'0', NULL),
	(2986, 'Dao mổ siêu âm ', 'G220', 'GG1301-30', 'X-XXXXXX-22102022-XX2986', 'DM.3.31031.130130', NULL, NULL, NULL, 2015, 2015, NULL, NULL, NULL, NULL, NULL, NULL, 'NEW', 'ETHICON', NULL, NULL, NULL, 0, 0, NULL, NULL, NULL, NULL, b'0', NULL),
	(2987, 'Máy theo dõi bệnh nhân', 'BSM.2351K', '35941', 'X-XXXXXX-14102022-XX2987', 'TDBN.1.31031.035941', NULL, NULL, NULL, 2010, 2010, NULL, NULL, NULL, NULL, NULL, NULL, 'NEW', 'Nihon kohden', NULL, NULL, NULL, 0, 0, NULL, NULL, NULL, NULL, b'0', NULL),
	(2988, 'Máy theo dõi bệnh nhân', 'BSM.2351K', '03193', 'X-XXXXXX-14102022-XX2988', 'TDBN.1.31031.003193', NULL, NULL, NULL, 2010, 2010, NULL, NULL, NULL, NULL, NULL, NULL, 'NEW', 'Nihon kohden', NULL, NULL, NULL, 0, 0, NULL, NULL, NULL, NULL, b'0', NULL),
	(2989, 'Máy theo dõi bệnh nhân', 'BSM.2351K', '35910', 'X-XXXXXX-14102022-XX2989', 'TDBN.1.31031.035910', NULL, NULL, NULL, 2012, 2012, NULL, NULL, NULL, NULL, NULL, NULL, 'NEW', 'Nihon kohden', NULL, NULL, NULL, 0, 0, NULL, NULL, NULL, NULL, b'0', NULL),
	(2990, 'Máy theo dõi bệnh nhân', 'BSM-3562', '01393', 'X-XXXXXX-14102022-XX2990', 'TDBN.1.31031.001393', NULL, NULL, NULL, 2012, 2012, NULL, NULL, NULL, NULL, NULL, NULL, 'NEW', 'Nihon kohden', NULL, NULL, NULL, 0, 0, NULL, NULL, NULL, NULL, b'0', NULL),
	(2991, 'Máy theo dõi bệnh nhân', 'BSM-3562', '06747', 'X-XXXXXX-14102022-XX2991', 'TDBN.1.31031.006747', NULL, NULL, NULL, 2014, 2014, NULL, NULL, NULL, NULL, NULL, NULL, 'NEW', 'Nihon kohden', NULL, NULL, NULL, 0, 0, NULL, NULL, NULL, NULL, b'0', NULL),
	(2992, 'Máy theo dõi bệnh nhân', 'BSM3562', '18601', 'X-XXXXXX-14102022-XX2992', 'TDBN.1.31031.018601', NULL, NULL, NULL, 2017, 2017, NULL, NULL, NULL, NULL, NULL, NULL, 'NEW', 'Nihon kohden', NULL, NULL, NULL, 0, 0, NULL, NULL, NULL, NULL, b'0', NULL),
	(2993, 'Máy theo dõi bệnh nhân', 'BSM-4101K', '00891', 'X-XXXXXX-14102022-XX2993', 'TDBN.3.31031.000891', NULL, NULL, NULL, 2007, 2007, NULL, NULL, NULL, NULL, NULL, NULL, 'NEW', 'Nihon kohden', NULL, NULL, NULL, 0, 0, NULL, NULL, NULL, NULL, b'0', NULL),
	(2994, 'Máy theo dõi bệnh nhân', 'BM5', 'D8Q0100067', 'X-XXXXXX-14102022-XX2994', 'TDBN.3.31031.100067', NULL, NULL, NULL, 2016, 2016, NULL, NULL, NULL, NULL, NULL, NULL, 'NEW', 'Bionet', NULL, NULL, NULL, 0, 0, NULL, NULL, NULL, NULL, b'0', NULL),
	(2995, 'Máy theo dõi bệnh nhân', 'BM5', 'D8R0300021', 'X-XXXXXX-14102022-XX2995', 'TDBN.3.31031.300021', NULL, NULL, NULL, 2017, 2017, NULL, NULL, NULL, NULL, NULL, NULL, 'NEW', 'Bionet', NULL, NULL, NULL, 0, 0, NULL, NULL, NULL, NULL, b'0', NULL),
	(2996, 'Máy theo dõi bệnh nhân', 'BM5', 'DQU0100063', 'X-XXXXXX-14102022-XX2996', 'TDBN.3.31031.100063', NULL, NULL, NULL, 2020, 2020, NULL, NULL, NULL, NULL, NULL, NULL, 'NEW', 'Bionet', NULL, NULL, NULL, 0, 0, NULL, NULL, NULL, NULL, b'0', NULL),
	(2997, 'Máy theo dõi bệnh nhân', 'OMNI', 'G35AAIM002', 'X-XXXXXX-14102022-XX2997', 'TDBN.1.31031.000002', NULL, NULL, NULL, 2007, 2007, NULL, NULL, NULL, NULL, NULL, NULL, 'NEW', 'Infinium Medical', NULL, NULL, NULL, 0, 0, NULL, NULL, NULL, NULL, b'0', NULL),
	(2998, 'Máy X Quang C-arm', 'DHF-105CX -9BH', 'SX12290002', 'X-XXXXXX-14102022-XX2998', 'XQ.1.31031.290002', NULL, NULL, NULL, 2011, 2011, NULL, NULL, NULL, NULL, NULL, NULL, 'NEW', 'Hitachi', NULL, NULL, NULL, 0, 0, NULL, NULL, NULL, NULL, b'0', NULL),
	(2999, 'Đèn đặt nội khí quản ', 'VL -300M', '17100619', 'X-XXXXXX-22102022-XX2999', '?.3.31031.100619', NULL, NULL, NULL, 2016, 2018, NULL, NULL, NULL, NULL, NULL, NULL, 'NEW', 'Zhejiang', NULL, NULL, NULL, 0, 0, NULL, NULL, NULL, NULL, b'0', NULL),
	(3000, 'Bơm tiêm điện ', 'Te*SS730N03', '1905010078', 'X-XXXXXX-14102022-XX3000', 'BT.3.31031.010078', NULL, NULL, NULL, 2017, 2017, NULL, NULL, NULL, NULL, NULL, NULL, 'NEW', 'Terumo', NULL, NULL, NULL, 0, 0, NULL, NULL, NULL, NULL, b'0', NULL),
	(3001, 'Bơm tiêm điện ', 'Te*SS730N03', '1905010331', 'X-XXXXXX-14102022-XX3001', 'BT.3.31031.010331', NULL, NULL, NULL, 2017, 2017, NULL, NULL, NULL, NULL, NULL, NULL, 'NEW', 'Terumo', NULL, NULL, NULL, 0, 0, NULL, NULL, NULL, NULL, b'0', NULL),
	(3002, 'Bơm tiêm điện ', 'Te*SS730N03', '1905010339', 'X-XXXXXX-14102022-XX3002', 'BT.3.31031.010339', NULL, NULL, NULL, 2017, 2017, NULL, NULL, NULL, NULL, NULL, NULL, 'NEW', 'Terumo', NULL, NULL, NULL, 0, 0, NULL, NULL, NULL, NULL, b'0', NULL),
	(3003, 'Bơm tiêm điện ', 'Te*SS730N03', '1905010296', 'X-XXXXXX-14102022-XX3003', 'BT.3.31031.010296', NULL, NULL, NULL, 2017, 2017, NULL, NULL, NULL, NULL, NULL, NULL, 'NEW', 'Terumo', NULL, NULL, NULL, 0, 0, NULL, NULL, NULL, NULL, b'0', NULL),
	(3004, 'Bơm tiêm điện ', 'Te*SS700N03', '1703010892', 'X-XXXXXX-14102022-XX3004', 'BT.3.31031.010892', NULL, NULL, NULL, 2017, 2017, NULL, NULL, NULL, NULL, NULL, NULL, 'NEW', 'Terumo', NULL, NULL, NULL, 0, 0, NULL, NULL, NULL, NULL, b'0', NULL),
	(3005, 'Bơm tiêm điện ', 'TE - 331 NW3S', '1207000462', 'X-XXXXXX-14102022-XX3005', 'BT.3.31031.000462', NULL, NULL, NULL, 2013, 2013, NULL, NULL, NULL, NULL, NULL, NULL, 'NEW', 'Terumo', NULL, NULL, NULL, 0, 0, NULL, NULL, NULL, NULL, b'0', NULL),
	(3006, 'Bơm tiêm điện ', '0513080004', '201308', 'X-XXXXXX-14102022-XX3006', 'BT.3.31031.201308', NULL, NULL, NULL, 2013, 2013, NULL, NULL, NULL, NULL, NULL, NULL, 'NEW', 'Syringe Pump', NULL, NULL, NULL, 0, 0, NULL, NULL, NULL, NULL, b'0', NULL),
	(3007, 'Đèn mổ treo trần', 'LG 009', '09-1611001', 'X-XXXXXX-14102022-XX3007', '?M.3.31031.611001', NULL, NULL, NULL, 2016, 2017, NULL, NULL, NULL, NULL, NULL, NULL, 'NEW', 'Smic', NULL, NULL, NULL, 0, 0, NULL, NULL, NULL, NULL, b'0', NULL),
	(3008, 'Đèn mổ di động 4 bóng', 'L734-II', '0000000', 'X-XXXXXX-31102022-XX3008', '?M.3.31031.000000', NULL, NULL, NULL, 2016, 2016, NULL, NULL, NULL, NULL, NULL, NULL, 'NEW', 'Smic', NULL, NULL, NULL, 0, 0, NULL, NULL, NULL, NULL, b'0', NULL),
	(3009, 'Đèn mổ di động 4 bóng', 'L734-II', '0', 'X-XXXXXX-31102022-XX3009', '?M.3.31031.000000', NULL, NULL, NULL, 2017, 2017, NULL, NULL, NULL, NULL, NULL, NULL, 'NEW', 'Smic', NULL, NULL, NULL, 0, 0, NULL, NULL, NULL, NULL, b'0', NULL),
	(3010, 'Đèn mổ treo trần', '700', '201901022', 'X-XXXXXX-04112022-XX3010', '?M.3.31031.901022', NULL, NULL, NULL, 2019, 2019, NULL, NULL, NULL, NULL, NULL, NULL, 'NEW', 'Xianju', NULL, NULL, NULL, 0, 0, NULL, NULL, NULL, NULL, b'0', NULL),
	(3011, 'Đèn mổ treo trần', '700', '20181200058', 'X-XXXXXX-04112022-XX3011', '?M.3.31031.200058', NULL, NULL, NULL, 2018, 2018, NULL, NULL, NULL, NULL, NULL, NULL, 'NEW', 'Xianju', NULL, NULL, NULL, 0, 0, NULL, NULL, NULL, NULL, b'0', NULL),
	(3012, 'Đèn mổ treo trần', '700', '201901021', 'X-XXXXXX-04112022-XX3012', '?M.3.31031.901021', NULL, NULL, NULL, 2019, 2019, NULL, NULL, NULL, NULL, NULL, NULL, 'NEW', 'Xianju', NULL, NULL, NULL, 0, 0, NULL, NULL, NULL, NULL, b'0', NULL),
	(3013, 'Máy phun sương sát khuẩn', 'Q-Jet Compact', '7509- 0007', 'X-XXXXXX-22102022-XX3013', 'MP.3.31031.000007', NULL, NULL, NULL, 2019, 2019, NULL, NULL, NULL, NULL, NULL, NULL, 'NEW', 'Clean Sevice', NULL, NULL, NULL, 0, 0, NULL, NULL, NULL, NULL, b'0', NULL),
	(3014, 'Máy phun sương sát khuẩn', 'Q-Jet Compact', '1118- 00311568- 0007', 'X-XXXXXX-22102022-XX3014', 'MP.3.31031.000007', NULL, NULL, NULL, 2019, 2019, NULL, NULL, NULL, NULL, NULL, NULL, 'NEW', 'Clean Sevice', NULL, NULL, NULL, 0, 0, NULL, NULL, NULL, NULL, b'0', NULL),
	(3015, 'Máy nén khí ', 'Aridyne 3500EX AIR COMPRESSOR', '16530', 'X-XXXXXX-14102022-XX3015', 'KN.3.31031.016530', NULL, NULL, NULL, 2019, 2019, NULL, NULL, NULL, NULL, NULL, NULL, 'NEW', 'Timeter', NULL, NULL, NULL, 0, 0, NULL, NULL, NULL, NULL, b'0', NULL),
	(3016, 'Máy hút dịch ', 'New Hospivac 350', '27932', 'X-XXXXXX-14102022-XX3016', 'HD.3.31031.027932', NULL, NULL, NULL, 2020, 2020, NULL, NULL, NULL, NULL, NULL, NULL, 'NEW', 'CA-MI S.R.L', NULL, NULL, NULL, 0, 0, NULL, NULL, NULL, NULL, b'0', NULL),
	(3017, 'Máy hút dịch ', '7A-23D', '00065', 'X-XXXXXX-22102022-XX3017', 'HD.3.31031.000065', NULL, NULL, NULL, 2020, 2020, NULL, NULL, NULL, NULL, NULL, NULL, 'NEW', 'Yuwell', NULL, NULL, NULL, 0, 0, NULL, NULL, NULL, NULL, b'0', NULL),
	(3018, 'Máy hút dịch ', '7A-23D', '00206', 'X-XXXXXX-22102022-XX3018', 'HD.3.31031.000206', NULL, NULL, NULL, 2020, 2020, NULL, NULL, NULL, NULL, NULL, NULL, 'NEW', 'Yuwell', NULL, NULL, NULL, 0, 0, NULL, NULL, NULL, NULL, b'0', NULL),
	(3019, 'Máy hút dịch ', '7A-23D', '00209', 'X-XXXXXX-22102022-XX3019', 'HD.3.31031.000209', NULL, NULL, NULL, 2020, 2020, NULL, NULL, NULL, NULL, NULL, NULL, 'NEW', 'Yuwell', NULL, NULL, NULL, 0, 0, NULL, NULL, NULL, NULL, b'0', NULL),
	(3020, 'Máy hút dịch ', '7A-23D', 'JE40218174', 'X-XXXXXX-22102022-XX3020', 'HD.3.31031.218174', NULL, NULL, NULL, 2014, 2014, NULL, NULL, NULL, NULL, NULL, NULL, 'NEW', 'Yuwell', NULL, NULL, NULL, 0, 0, NULL, NULL, NULL, NULL, b'0', NULL),
	(3021, 'Máy hút dịch ', '7A-23D', '00015', 'X-XXXXXX-22102022-XX3021', 'HD.3.31031.000015', NULL, NULL, NULL, 2019, 2019, NULL, NULL, NULL, NULL, NULL, NULL, 'NEW', 'Yuwell', NULL, NULL, NULL, 0, 0, NULL, NULL, NULL, NULL, b'0', NULL),
	(3022, 'Máy hút dịch', '7A-23D', '0006X', 'X-XXXXXX-04112022-XX3022', 'HD.3.31031.000000', NULL, NULL, NULL, 2011, 2013, NULL, NULL, NULL, NULL, NULL, NULL, 'NEW', 'Yuwell', NULL, NULL, NULL, 0, 0, NULL, NULL, NULL, NULL, b'0', NULL),
	(3023, 'Máy hút dịch ', '7A-23D', '0101364', 'X-XXXXXX-22102022-XX3023', 'HD.3.31031.101364', NULL, NULL, NULL, 2012, 2012, NULL, NULL, NULL, NULL, NULL, NULL, 'NEW', 'Yuwell', NULL, NULL, NULL, 0, 0, NULL, NULL, NULL, NULL, b'0', NULL),
	(3024, 'Máy hút dịch ', '7A-23D', '00186', 'X-XXXXXX-22102022-XX3024', 'HD.3.31031.000186', NULL, NULL, NULL, 2020, 2020, NULL, NULL, NULL, NULL, NULL, NULL, 'NEW', 'Yuwell', NULL, NULL, NULL, 0, 0, NULL, NULL, NULL, NULL, b'0', NULL),
	(3025, 'Tủ Sấy ', 'UN260', 'B616.0962', 'X-XXXXXX-14102022-XX3025', 'TS.3.31031.160962', NULL, NULL, NULL, 2016, 2016, NULL, NULL, NULL, NULL, NULL, NULL, 'NEW', 'Memmert', NULL, NULL, NULL, 0, 0, NULL, NULL, NULL, NULL, b'0', NULL),
	(3026, 'Máy xét nghiệm đông máu', 'Wiener Lab COR50', '202305048', 'N07-XXXXXX-17012023-XX3026', 'XN.3.31031.202305048', NULL, NULL, NULL, 2021, NULL, NULL, NULL, NULL, NULL, NULL, NULL, 'NEW', 'Wiener Lab', NULL, NULL, NULL, 6, 0, NULL, NULL, NULL, NULL, b'0', NULL),
	(3027, 'Máy xét nghiệm huyết học', 'BC-3000 Plus', 'RJ-0A130411', 'N07-XXXXXX-17012023-XX3027', 'HH.3.31031.RJ-0A130411', NULL, NULL, NULL, 2020, 2022, NULL, NULL, NULL, NULL, NULL, NULL, 'NEW', 'Mindray', NULL, NULL, NULL, 6, 0, NULL, NULL, NULL, NULL, b'0', NULL),
	(3028, 'Tủ Lạnh bảo quản', 'Sanaky', '220060', 'N07-XXXXXX-17012023-XX3028', 'TL.3.31031.220060', NULL, NULL, NULL, 2021, NULL, NULL, NULL, NULL, NULL, NULL, NULL, 'NEW', 'Sanaky', NULL, NULL, NULL, 0, 12, NULL, NULL, NULL, NULL, b'0', NULL),
	(3029, 'Máy định lượng PCR', 'Rotor - Gene', 'R0121318', 'N07-XXXXXX-24012023-XX3029', 'VS.3.31031.R0121318', NULL, NULL, NULL, 2021, NULL, NULL, NULL, NULL, NULL, NULL, NULL, 'NEW', 'Rotor - Gene', NULL, NULL, NULL, 12, 0, NULL, NULL, NULL, NULL, b'0', NULL),
	(3030, 'Tủ an toàn sinh học', 'LV-BCS12', 'BCS-283', 'N07-XXXXXX-24012023-XX3030', 'VS.3.31031.BCS-283', NULL, NULL, NULL, 2021, NULL, NULL, NULL, NULL, NULL, NULL, NULL, 'NEW', 'LAMVIET', NULL, NULL, NULL, 12, 12, NULL, NULL, NULL, NULL, b'0', NULL),
	(3031, 'Tủ lạnh', 'HYC 260', 'BE02SDE1T000EK4P0011', 'N07-XXXXXX-24012023-XX3031', 'VS.3.31031.BE02SDE1T000EK4P0011', NULL, NULL, NULL, 2021, NULL, NULL, NULL, NULL, NULL, NULL, NULL, 'NEW', 'Haier', NULL, NULL, NULL, 12, 12, NULL, NULL, NULL, NULL, b'0', NULL),
	(3033, 'Máy ủ', 'HM100-PRO', 'BX214AF000159', 'N07-XXXXXX-24012023-XX3033', 'VS.3.31031.BX214AF000159', NULL, NULL, NULL, 2021, NULL, NULL, NULL, NULL, NULL, NULL, NULL, 'NEW', 'Dlab-Mỹ', NULL, NULL, NULL, 12, 0, NULL, NULL, NULL, NULL, b'0', NULL),
	(3034, 'Tủ sấy', 'UM-200', 'b295.1646', 'N07-XXXXPT-23012023-XX3034', 'VS.3.31031.b295.1646', NULL, NULL, NULL, 2021, NULL, NULL, NULL, NULL, NULL, NULL, NULL, 'NEW', 'Memmert', NULL, NULL, NULL, 12, 12, NULL, NULL, NULL, NULL, b'0', NULL),
	(3035, 'Tủ ấm', 'EB115', '3960106', 'N07-XXXXXX-23012023-XX3035', 'VS.3.31031.3960106', NULL, NULL, NULL, 2021, NULL, NULL, NULL, NULL, NULL, NULL, NULL, 'NEW', 'Joual', NULL, NULL, NULL, 0, 12, NULL, NULL, NULL, NULL, b'0', NULL),
	(3036, 'Máy ly tâm', 'D1008', 'HB218BB0000784', 'N07-XXXXXX-23012023-XX3036', 'VS.3.31031.HB218BB0000784', NULL, NULL, NULL, 2021, NULL, NULL, NULL, NULL, NULL, NULL, NULL, 'NEW', 'Dlab-Mỹ', NULL, NULL, NULL, 12, 0, NULL, NULL, NULL, NULL, b'0', NULL),
	(3037, 'Máy ly tâm', 'D1008', 'HB206AR0001776', 'N07-XXXXXX-23012023-XX3037', 'VS.3.31031.HB206AR0001776', NULL, NULL, NULL, 2021, NULL, NULL, NULL, NULL, NULL, NULL, NULL, 'NEW', 'Dlab-Mỹ', NULL, NULL, NULL, 12, 12, NULL, NULL, NULL, NULL, b'0', NULL),
	(3040, 'Máy tách chiết', 'Mag 96', '180-25929-21120002', 'N07-XXXXXX-23012023-XX3040', 'VS.1.31031.180-25929-21120002', NULL, NULL, NULL, 2021, NULL, NULL, NULL, NULL, NULL, NULL, NULL, 'NEW', 'Sacace Biotechnologies', NULL, NULL, NULL, 6, 0, NULL, NULL, NULL, NULL, b'0', NULL),
	(3041, 'Máy VOTEX', 'Delta Mixer', '90900347', 'N07-XXXXXX-23012023-XX3041', 'VS.3.31031.90900347', NULL, NULL, NULL, 2021, NULL, NULL, NULL, NULL, NULL, NULL, NULL, 'NEW', 'Taitec Corporation', NULL, NULL, NULL, 12, 0, NULL, NULL, NULL, NULL, b'0', NULL),
	(3042, 'Máy VOTEX', 'Delta Mixer', '90900333', 'N07-XXXXXX-23012023-XX3042', 'VS.3.31031.90900333', NULL, NULL, NULL, 2021, NULL, NULL, NULL, NULL, NULL, NULL, NULL, 'NEW', 'Taitec Corporation', NULL, NULL, 11, 12, 0, NULL, NULL, NULL, NULL, b'0', NULL),
	(3043, 'Tủ lạnh bảo quản', 'SANAKY', '50N120500032', 'N07-XXXXXX-23012023-XX3043', 'VS.3.31031.50N120500032', NULL, NULL, NULL, 2021, NULL, NULL, NULL, NULL, NULL, NULL, NULL, 'NEW', 'SANAKY', NULL, NULL, 16, 0, 12, NULL, NULL, NULL, NULL, b'0', NULL),
	(3044, 'Bồn chứa Oxy lỏng MicroBulk Tank 5m3', 'R2021-S-226', '215010931202100226', 'N13-HT/TBK-30102022-XX3044', 'OX.1.31031.100226', NULL, NULL, NULL, 2021, NULL, NULL, NULL, NULL, NULL, NULL, NULL, 'NEW', 'XinxiangChengde Energy Technology Equipment', NULL, NULL, 18, 0, 0, NULL, NULL, NULL, NULL, b'0', NULL),
	(3045, 'Bồn chứa Oxy lỏng MicroBulk Tank 5m3', 'R2021-S-223', '215010931202100223', 'N13-HT/TBK-30102022-XX3045', 'OX.1.31031.100223', NULL, NULL, NULL, 2021, NULL, NULL, NULL, NULL, NULL, NULL, NULL, 'NEW', 'XinxiangChengde Energy Technology Equipment', NULL, NULL, 21, 0, 0, NULL, NULL, NULL, NULL, b'0', NULL),
	(3046, 'Máy nén khí BOGE', 'C7', '5107840', 'N13-HT/TBK-30102022-XX3046', 'NK.1.31031.107840', NULL, NULL, NULL, 2020, 2021, NULL, NULL, NULL, NULL, NULL, NULL, 'NEW', 'BOGE', NULL, NULL, 21, 0, 0, NULL, NULL, NULL, NULL, b'0', NULL),
	(3047, 'Máy nén khí BOGE', 'C7', '5108083', 'N13-HT/TBK-30102022-XX3047', 'NK.1.31031.108083', NULL, NULL, NULL, 2020, 2021, NULL, NULL, NULL, NULL, NULL, NULL, 'NEW', 'BOGE', NULL, NULL, 29, 0, 0, NULL, NULL, NULL, NULL, b'0', NULL),
	(3048, 'Máy sấy ATS', 'DGO 180', '21T-C01091', 'N13-HT/TBK-30102022-XX3048', 'S.1.31031.01091', NULL, NULL, NULL, 2021, NULL, NULL, NULL, NULL, NULL, NULL, NULL, 'NEW', 'Chonburi', NULL, NULL, 29, 6, 0, NULL, NULL, NULL, NULL, b'0', NULL),
	(3049, 'Tủ Pass box chuyển mẫu', 'TPB', 'VS01', 'X-XXXXXX-23012023-XX3049', 'VS.3.31031.000000', NULL, NULL, NULL, 2020, NULL, NULL, NULL, NULL, NULL, NULL, NULL, 'NEW', 'VN', NULL, NULL, 29, 0, 0, NULL, NULL, NULL, NULL, b'0', NULL),
	(3050, 'Bộ đếm giờ', 'ĐG02', 'VS02', 'X-XXXXXX-23012023-XX3050', 'VS.3.31031.000000', NULL, NULL, NULL, 2020, 2021, NULL, NULL, NULL, NULL, NULL, NULL, 'LIQUIDATED', 'Tanita', NULL, NULL, 29, 0, 0, NULL, NULL, NULL, NULL, b'0', NULL),
	(3051, 'Máy ly tâm', 'Centrifuge 5420', '5420JR503881', 'X-XXXXXX-23012023-XX3051', 'VS.3.31031.5420JR503881', NULL, NULL, NULL, 2021, NULL, NULL, NULL, NULL, NULL, NULL, NULL, 'NEW', 'eppendorf', NULL, NULL, 25, 12, 12, NULL, NULL, NULL, NULL, b'0', NULL),
	(3052, 'Máy điện tim 6 cần', 'ECG-1250K', '012862', 'X-XXXXXX-15112022-XX3052', '?T.3.31031.012862', NULL, NULL, NULL, 2017, 2017, NULL, NULL, NULL, NULL, NULL, NULL, 'NEW', 'Nihon Kohden', NULL, NULL, 29, 0, 24, NULL, NULL, NULL, NULL, b'0', NULL),
	(3053, 'Máy ly tâm', 'Z206A', '602100434', 'X-XXXXXX-18012023-XX3053', 'HH.1.31031.602100434', NULL, NULL, NULL, 2021, NULL, NULL, NULL, NULL, NULL, NULL, NULL, 'NEW', 'HERMLE', NULL, NULL, 26, 12, 12, NULL, NULL, NULL, NULL, b'0', NULL),
	(3054, 'Tủ sấy', 'NO-600M', '11245', 'X-XXXXXX-19012023-XX3054', 'HH.1.31031.11245', NULL, NULL, NULL, 2009, NULL, NULL, NULL, NULL, NULL, NULL, NULL, 'NEW', 'JEIO-TECH', NULL, NULL, 32, 12, 12, NULL, NULL, NULL, NULL, b'0', NULL),
	(3055, 'Tủ lạnh bảo quản', 'GR-22VT', '100538', 'X-XXXXXX-18012023-XX3055', 'HH.1.31031.100538', NULL, NULL, NULL, 2021, NULL, NULL, NULL, NULL, NULL, NULL, NULL, 'NEW', 'Toshiba', NULL, NULL, 10, 0, 12, NULL, NULL, NULL, NULL, b'0', NULL),
	(3056, 'Hệ thống phẫu thuật mắt Phaco', 'CV-9000R', '91585', 'X-XXXXXX-25012023-XX3056', 'PT.3.31031.91585', NULL, NULL, NULL, 2020, NULL, NULL, NULL, NULL, NULL, NULL, NULL, 'NEW', 'Nidek', NULL, NULL, 21, 12, 0, NULL, NULL, NULL, NULL, b'0', NULL),
	(3057, 'Kính hiển vi phẫu thuật mắt', 'OMS-90', '313521', 'X-XXXXXX-25012023-XX3057', 'HV.1.31031.313521', NULL, NULL, NULL, 2009, 2009, NULL, NULL, NULL, NULL, NULL, NULL, 'NEW', 'Topcon', NULL, NULL, 33, 0, 0, NULL, NULL, NULL, NULL, b'0', NULL),
	(3058, 'Kính hiển vi', 'CX22RFS1', '3C85339', 'X-XXXXXX-25012023-XX3058', 'VS.3.31031.3C85339', NULL, NULL, NULL, 1996, NULL, NULL, NULL, NULL, NULL, NULL, NULL, 'NEW', 'Olympus', NULL, NULL, 21, 0, 0, NULL, NULL, NULL, NULL, b'0', NULL);
/*!40000 ALTER TABLE `equipments` ENABLE KEYS */;

-- Dumping structure for table mdm_equipment.equipment_categories
CREATE TABLE IF NOT EXISTS `equipment_categories` (
  `id` bigint(20) NOT NULL AUTO_INCREMENT,
  `name` varchar(255) NOT NULL,
  `note` text DEFAULT NULL,
  `alias` varchar(255) DEFAULT NULL,
  `group_id` bigint(20) NOT NULL,
  PRIMARY KEY (`id`),
  KEY `FK_EQUIPMENT_CATEGORIES_ON_GROUP` (`group_id`),
  CONSTRAINT `FK_EQUIPMENT_CATEGORIES_ON_GROUP` FOREIGN KEY (`group_id`) REFERENCES `equipment_groups` (`id`)
) ENGINE=InnoDB AUTO_INCREMENT=100 DEFAULT CHARSET=utf8mb4 COLLATE=utf8mb4_general_ci;

-- Dumping data for table mdm_equipment.equipment_categories: ~98 rows (approximately)
/*!40000 ALTER TABLE `equipment_categories` DISABLE KEYS */;
INSERT INTO `equipment_categories` (`id`, `name`, `note`, `alias`, `group_id`) VALUES
	(1, 'Thiết bị phụ trợ chẩn đoán hình ảnh', '', 'PTCĐHA', 1),
	(2, 'Máy X Quang', '', 'MXQ', 1),
	(3, 'Máy siêu âm', '', 'MSA', 1),
	(4, 'Hệ thống chụp mạch số hóa xóa nền (DSA)', '', 'DSA', 1),
	(5, 'Hệ thống chụp Cộng hưởng từ', '', 'CHT', 1),
	(6, 'Hệ thống CT - Scanner', '', 'CT/SCANNER', 1),
	(7, 'Hệ thống/ Thiết bị hồi sức khác', '', 'HT/TBK', 2),
	(8, 'Máy hút dịch', '', 'MHD', 2),
	(9, 'Máy thở', '', 'MT', 2),
	(10, 'Máy khí dung', '', 'MKD', 2),
	(11, 'Máy theo dõi bệnh nhân', '', 'MTDBN', 2),
	(13, 'Máy phá rung tim', '', 'PRT', 2),
	(14, 'Bơm tiêm điện', '', 'BTĐ', 2),
	(15, 'Giường cấp cứu hồi sức', '', 'GCCHS', 2),
	(16, 'Hệ thống tuần hoàn ngoài cơ thể ECMO', '', 'ECMO', 3),
	(17, 'Máy lọc màng bụng', '', 'MLMB', 3),
	(18, 'Máy lọc HDF online', '', 'HDF', 3),
	(19, 'Máy siêu lọc máu liên tục', '', 'MSLMLT', 3),
	(20, 'Máy thận nhân tạo', '', 'MTNT', 3),
	(21, 'Đèn mổ', '', 'ĐM', 4),
	(22, 'Máy đốt khối u', '', 'MĐKU', 4),
	(23, 'Kính hiển vi phẫu thuật', '', 'KHVPT', 4),
	(24, 'Hệ thống/Thiết bị khác', '', 'HT/TBK', 4),
	(25, 'Máy tán sỏi', '', 'MTS', 4),
	(26, 'Máy gây mê', '', 'MGM', 4),
	(27, 'Dao mổ', '', 'DM', 4),
	(28, 'Hệ thống phẫu thuật nội soi', '', 'HTPTNS', 4),
	(29, 'Bàn mổ', '', 'BM', 4),
	(30, 'Hệ thống gia tốc tuyến tính', '', 'HTGTTT', 5),
	(31, 'Hệ thống/ Thiết bị khác', '', 'HT/TBK', 5),
	(32, 'Hệ thống SPECT/CT', '', 'SPECT/CT', 5),
	(33, 'Thiết bị chuyên khoa Mắt', '', 'TBCKM', 6),
	(34, 'Thiết bị chuyên khoa Răng Hàm Mặt', '', 'TBCKRHM', 6),
	(35, 'Thiết bị chuyên khoa Tai Mũi Họng', '', 'TBCKTMH', 6),
	(36, 'Thiết bị phụ trợ', '', 'TBPT', 7),
	(37, 'Hệ thống/ Thiết bị khác', '', 'HT/TBK', 7),
	(38, 'Máy sắc ký', '', 'MSK', 7),
	(39, 'Kính hiển vi', '', 'KHV', 7),
	(40, 'Máy quang phổ', '', 'MQP', 7),
	(41, 'Thiết bị hỗ trợ sinh sản + Bảo quản mô', '', 'HTSS/BQM', 7),
	(42, 'Máy xét nghiệm huyết học', '', 'MXNHH', 7),
	(43, 'Thiết bị xét nghiệm vi sinh + sinh học phân tử + di truyền', '', 'XNVS/SH/DT', 7),
	(44, 'Máy ly tâm', '', 'MTL', 7),
	(45, 'Hệ thống Elisa', '', 'ELISA', 7),
	(46, 'Máy điện di', '', 'MĐD', 7),
	(47, 'Máy bảo quản lạnh', '', 'MBQL', 7),
	(48, 'Máy xét nghiệm sinh hóa, miễn dịch', '', 'XNSH/MD', 7),
	(49, 'Giải phẫu bệnh', '', 'GPB', 7),
	(50, 'Máy hấp tiệt trùng', '', 'MHTT', 8),
	(51, 'Máy tiệt trùng nhiệt độ thấp', '', 'MTTNDT', 8),
	(52, 'Hệ thống rửa khử khuẩn xe, giường Bệnh nhân', '', 'HTRKKXG', 8),
	(53, 'Hệ thống lọc nước RO', '', 'HTLNRO', 8),
	(54, 'Máy rửa khử khuẩn ống nội soi', '', 'RKKNS', 8),
	(55, 'Máy phun dung dịch khử khuẩn', '', 'MPDDKK', 8),
	(56, 'Máy rửa, khử khuẩn dụng cụ', '', 'MRKKDC', 8),
	(57, 'Máy rửa ống nội soi', '', 'MRNS', 8),
	(58, 'Máy sấy đồ vải', '', 'MSĐV', 8),
	(59, 'Máy lọc khử khuẩn không khí', '', 'MLKKKK', 8),
	(60, 'Máy giặt, vắt công nghiệp', '', 'MGVCN', 8),
	(61, 'Máy là quần áo', '', 'MLQA', 8),
	(62, 'Bể rửa dụng cụ bằng sóng siêu âm', '', 'RDCSSA', 8),
	(63, 'Tủ sấy dụng cụ', '', 'TSDC', 8),
	(64, 'Máy là ga công nghiệp', '', 'MLGCN', 8),
	(65, 'Bồn rửa tay vô trùng', '', 'BRTVT', 8),
	(66, 'Máy đóng gói, niêm phong túi', '', 'MĐG-NPT', 8),
	(67, 'Máy theo dõi sản khoa', '', 'MTDSK', 9),
	(68, 'Bàn đẻ', '', 'BĐ', 9),
	(69, 'Máy cắt đốt cổ tử cung', '', 'MCĐCTC', 9),
	(70, 'Máy áp lạnh cổ tử cung', '', 'MALCTC', 9),
	(71, 'Máy sưởi ấm trẻ sơ sinh', '', 'MSATSS', 9),
	(72, 'Giường hồi sức cấp cứu sơ sinh', '', 'GHSCCSS', 9),
	(73, 'Đèn chiếu vàng da', '', 'DĐCVD', 9),
	(74, 'Lồng ấp', '', 'LA', 9),
	(75, 'Lồng ấp di động', '', 'LADĐ', 9),
	(76, 'Bàn khám sản phụ khoa', '', 'BKSPK', 9),
	(77, 'Máy soi cổ tử cung', '', 'MSCTC', 9),
	(78, 'Máy đo huyết áp', '', 'MĐHA', 10),
	(79, 'Máy điện cơ', '', 'MĐC', 10),
	(80, 'Máy đo chức năng hô hấp', '', 'MĐCNHH', 10),
	(81, 'Máy điện tim gắng sức', '', 'MĐTGS', 10),
	(82, 'Máy đo huyết động xâm lấn', '', 'MĐHĐXL', 10),
	(83, 'Máy đo huyết động không xâm lấn', '', 'MĐHĐKXL', 10),
	(84, 'Máy thể tích ký toàn thân', '', 'MTTKTT', 10),
	(85, 'Máy Holter 24/24h (điện tim + huyết áp)', '', 'HOLTER', 10),
	(86, 'Máy đo niệu động học', '', 'MĐNĐH', 10),
	(87, 'Máy đo lưu huyết não', '', 'MĐLHN', 10),
	(88, 'Máy điện não', '', 'MĐN', 10),
	(89, 'Máy điện tim', '', 'MĐT', 10),
	(90, 'Máy đo chỉ số ABI và tốc độ sóng lan truyền', '', 'ABI&TĐSLT', 10),
	(91, 'Máy đo áp lực hậu môn trực tràng', '', 'MĐALHMTT', 10),
	(92, 'Nội soi chẩn đoán', '', 'NSCĐ', 11),
	(93, 'Bơm truyền dịch', '', 'BTD', 11),
	(94, 'Thiết bị phục hồi chức năng', '', 'TBPHCN', 12),
	(95, 'Hệ thống/ thiết bị khác', '', 'HT/TBK', 12),
	(96, 'Thiết bị vật lý trị liệu', '', 'TBVLTL', 12),
	(97, 'Hệ thống/ thiết bị khác', '', 'HT/TBK', 13),
	(98, 'Thiết bị nội thất bệnh viện', '', 'TBNVBT', 13),
	(99, 'Thiết bị phòng khám', '', 'TBPK', 14);
/*!40000 ALTER TABLE `equipment_categories` ENABLE KEYS */;

-- Dumping structure for table mdm_equipment.equipment_groups
CREATE TABLE IF NOT EXISTS `equipment_groups` (
  `id` bigint(20) NOT NULL AUTO_INCREMENT,
  `name` varchar(255) NOT NULL,
  `note` varchar(255) DEFAULT NULL,
  `alias` varchar(255) DEFAULT NULL,
  PRIMARY KEY (`id`)
) ENGINE=InnoDB AUTO_INCREMENT=15 DEFAULT CHARSET=utf8mb4 COLLATE=utf8mb4_general_ci;

-- Dumping data for table mdm_equipment.equipment_groups: ~14 rows (approximately)
/*!40000 ALTER TABLE `equipment_groups` DISABLE KEYS */;
INSERT INTO `equipment_groups` (`id`, `name`, `note`, `alias`) VALUES
	(1, 'N1 Thiết bị chẩn đoán hình ảnh', '', 'N01'),
	(2, 'N2 Thiết bị hồi sức cấp cứu', '', 'N02'),
	(3, 'N3 Thiết bị lọc máu', '', 'N03'),
	(4, 'N4 Thiết bị phòng mổ', '', 'N04'),
	(5, 'N5 Thiết bị chuyên khoa ung bướu và y học hạt nhân', '', 'N05'),
	(6, 'N6 Thiết bi chuyên khoa RHM-THM-Mắt', '', 'N06'),
	(7, 'N7 Thiết bị chuyên khoa xét nghiệm', '', 'N07'),
	(8, 'N8 Thiết bị kiểm soát nhiễm khuẩn', '', 'N08'),
	(9, 'N9 Thiết bị chuyên khoa sản nhi', '', 'N09'),
	(10, 'N10 Thiết bị thăm dò chức năng', '', 'N10'),
	(11, 'N11 Thiết bị nội soi chuẩn đoán', '', 'N11'),
	(12, 'N12 Thiết bị hồi phục chức năng- Vật lý trị liệu', '', 'N12'),
	(13, 'N13 Thiết bị dùng chung', '', 'N13'),
	(14, 'N14 Thiết bị khám- điều trị chuyên dụng', '', 'N14');
/*!40000 ALTER TABLE `equipment_groups` ENABLE KEYS */;

-- Dumping structure for table mdm_equipment.equipment_supply_usages
CREATE TABLE IF NOT EXISTS `equipment_supply_usages` (
  `id` bigint(20) NOT NULL AUTO_INCREMENT,
  `equipment_id` bigint(20) DEFAULT NULL,
  `supply_id` bigint(20) DEFAULT NULL,
  `note` text DEFAULT NULL,
  `amount` double NOT NULL,
  `amount_used` double NOT NULL,
  PRIMARY KEY (`id`),
  KEY `FK_EQUIPMENT_SUPPLY_USAGES_ON_EQUIPMENT` (`equipment_id`),
  KEY `FK_EQUIPMENT_SUPPLY_USAGES_ON_SUPPLY` (`supply_id`),
  CONSTRAINT `FK_EQUIPMENT_SUPPLY_USAGES_ON_EQUIPMENT` FOREIGN KEY (`equipment_id`) REFERENCES `equipments` (`id`) ON DELETE CASCADE ON UPDATE CASCADE,
  CONSTRAINT `FK_EQUIPMENT_SUPPLY_USAGES_ON_SUPPLY` FOREIGN KEY (`supply_id`) REFERENCES `supplies` (`id`) ON DELETE SET NULL ON UPDATE CASCADE
) ENGINE=InnoDB DEFAULT CHARSET=utf8mb4 COLLATE=utf8mb4_general_ci;

-- Dumping data for table mdm_equipment.equipment_supply_usages: ~0 rows (approximately)
/*!40000 ALTER TABLE `equipment_supply_usages` DISABLE KEYS */;
/*!40000 ALTER TABLE `equipment_supply_usages` ENABLE KEYS */;

-- Dumping structure for table mdm_equipment.equipment_units
CREATE TABLE IF NOT EXISTS `equipment_units` (
  `id` bigint(20) NOT NULL AUTO_INCREMENT,
  `name` varchar(255) NOT NULL,
  `note` text DEFAULT NULL,
  PRIMARY KEY (`id`),
  UNIQUE KEY `uc_equipment_units_name` (`name`)
) ENGINE=InnoDB AUTO_INCREMENT=4 DEFAULT CHARSET=utf8mb4 COLLATE=utf8mb4_general_ci;

-- Dumping data for table mdm_equipment.equipment_units: ~3 rows (approximately)
/*!40000 ALTER TABLE `equipment_units` DISABLE KEYS */;
INSERT INTO `equipment_units` (`id`, `name`, `note`) VALUES
	(1, 'cái', NULL),
	(2, 'bộ', NULL),
	(3, 'hệ thống', NULL);
/*!40000 ALTER TABLE `equipment_units` ENABLE KEYS */;

-- Dumping structure for table mdm_equipment.file_storage
CREATE TABLE IF NOT EXISTS `file_storage` (
  `id` bigint(20) NOT NULL AUTO_INCREMENT,
  `name` varchar(255) NOT NULL,
  `extension` varchar(255) NOT NULL,
  `associated_entity_type` varchar(255) NOT NULL,
  `description` varchar(255) NOT NULL,
  `data` mediumblob NOT NULL,
  `associated_entity_id` bigint(20) NOT NULL,
  `content_type` varchar(255) NOT NULL,
  PRIMARY KEY (`id`)
) ENGINE=InnoDB AUTO_INCREMENT=61 DEFAULT CHARSET=utf8mb4 COLLATE=utf8mb4_general_ci;

-- Dumping data for table mdm_equipment.file_storage: ~0 rows (approximately)
/*!40000 ALTER TABLE `file_storage` DISABLE KEYS */;
/*!40000 ALTER TABLE `file_storage` ENABLE KEYS */;

-- Dumping structure for table mdm_equipment.flyway_schema_history
CREATE TABLE IF NOT EXISTS `flyway_schema_history` (
  `installed_rank` int(11) NOT NULL,
  `version` varchar(50) DEFAULT NULL,
  `description` varchar(200) NOT NULL,
  `type` varchar(20) NOT NULL,
  `script` varchar(1000) NOT NULL,
  `checksum` int(11) DEFAULT NULL,
  `installed_by` varchar(100) NOT NULL,
  `installed_on` timestamp NOT NULL DEFAULT current_timestamp(),
  `execution_time` int(11) NOT NULL,
  `success` tinyint(1) NOT NULL,
  PRIMARY KEY (`installed_rank`),
  KEY `flyway_schema_history_s_idx` (`success`)
) ENGINE=InnoDB DEFAULT CHARSET=utf8mb4 COLLATE=utf8mb4_general_ci;

-- Dumping data for table mdm_equipment.flyway_schema_history: ~55 rows (approximately)
/*!40000 ALTER TABLE `flyway_schema_history` DISABLE KEYS */;
INSERT INTO `flyway_schema_history` (`installed_rank`, `version`, `description`, `type`, `script`, `checksum`, `installed_by`, `installed_on`, `execution_time`, `success`) VALUES
	(1, '1', '', 'SQL', 'V1__.sql', -2001968731, 'root', '2023-06-16 13:32:11', 904, 1),
	(2, '1.1', '', 'SQL', 'V1_1__.sql', -852323124, 'root', '2023-06-16 13:32:11', 11, 1),
	(3, '2', 'add file storage table', 'SQL', 'V2__add file storage table.sql', 1182761702, 'root', '2023-06-16 13:32:11', 9, 1),
	(4, '2.1', ' remove created at and updated at', 'SQL', 'V2_1__ remove created at and updated at.sql', 145219762, 'root', '2023-06-16 13:32:11', 125, 1),
	(5, '2.2', ' rename acceptance date to approval date', 'SQL', 'V2_2__ rename acceptance_date to approval_date.sql', -1426804619, 'root', '2023-06-16 13:32:11', 19, 1),
	(6, '2.3', ' remove equipment status and handover status from handovers table', 'SQL', 'V2_3__ remove equipment_status and handover_status from handovers table.sql', -599331887, 'root', '2023-06-16 13:32:11', 20, 1),
	(7, '2.4', ' create equipment user table', 'SQL', 'V2_4__ create equipment_user table.sql', -1286404230, 'root', '2023-06-16 13:32:11', 39, 1),
	(8, '2.5', '', 'SQL', 'V2_5__.sql', 1521184469, 'root', '2023-06-16 13:32:11', 28, 1),
	(9, '2.6', 'remove image field in repair table', 'SQL', 'V2.6__remove image field in repair table.sql', 1823277089, 'root', '2023-06-16 13:32:11', 11, 1),
	(10, '2.7', ' change associated entity id type from string to long', 'SQL', 'V2_7__ change associated entity id type from string to long.sql', 1110806622, 'root', '2023-06-16 13:32:11', 18, 1),
	(11, '2.8', ' add content type in file storage table', 'SQL', 'V2_8__ add content type in file storage table.sql', 934568398, 'root', '2023-06-16 13:32:11', 23, 1),
	(12, '2.9', ' add password field to user table', 'SQL', 'V2_9__ add password field to user table.sql', 210137585, 'root', '2023-06-16 13:32:11', 80, 1),
	(13, '3', ' add forgot password table', 'SQL', 'V3__ add forgot password table.sql', 1564988056, 'root', '2023-06-16 13:32:11', 21, 1),
	(14, '3.3', ' remove inventory status', 'SQL', 'V3_3__ remove inventory status.sql', 1361612129, 'root', '2023-06-16 13:32:11', 16, 1),
	(15, '4', 'add equipment group table', 'SQL', 'V4__add equipment group table.sql', -1431678165, 'root', '2023-06-16 13:32:11', 26, 1),
	(16, '4.1', 'update not null constraint on equipment categories table and equipment groups table', 'SQL', 'V4_1__update not null constraint on equipment categories table and equipment groups table.sql', -823863816, 'root', '2023-06-16 13:32:11', 80, 1),
	(17, '4.2', '', 'SQL', 'V4_2__.sql', 696918394, 'root', '2023-06-16 13:32:11', 29, 1),
	(18, '4.3', 'drop unique on alias in equipment categories table', 'SQL', 'V4_3__drop unique on alias in equipment categories table.sql', -1826944622, 'root', '2023-06-16 13:32:11', 20, 1),
	(19, '5', 'create equipment unit table', 'SQL', 'V5__create equipment unit table.sql', -672025861, 'root', '2023-06-16 13:32:11', 38, 1),
	(20, '5.1', 'drop unique constraint on hash code', 'SQL', 'V5_1__drop unique constraint on hash_code.sql', 2031105964, 'root', '2023-06-16 13:32:11', 12, 1),
	(21, '5.2', ' add created by in handovers table', 'SQL', 'V5_2__ add created by in handovers table.sql', 1044129381, 'root', '2023-06-16 13:32:11', 34, 1),
	(22, '5.4', ' remove document column on handovers and transfers table', 'SQL', 'V5_4__ remove document column on handovers and transfers table.sql', 913843116, 'root', '2023-06-16 13:32:11', 17, 1),
	(23, '5.5', 'add approval on handover table', 'SQL', 'V5_5__add approval on handover table.sql', -996916685, 'root', '2023-06-16 13:32:12', 33, 1),
	(24, '6', 'remove equipment user many to many relationship', 'SQL', 'V6__remove equipment user many to many relationship.sql', 1521610748, 'root', '2023-06-16 13:32:12', 30, 1),
	(25, '7', 'add notification, notification config and user read notification table', 'SQL', 'V7__add notification, notification config and user read notification table.sql', 830537395, 'root', '2023-06-16 13:32:12', 48, 1),
	(26, '7.1', 'modify notifications content from text to json', 'SQL', 'V7_1__modify notifications content from text to json.sql', -1927795819, 'root', '2023-06-16 13:32:12', 9, 1),
	(27, '7.2', ' add note filed to handovers table', 'SQL', 'V7_2__ add note filed to handovers table.sql', 1417698931, 'root', '2023-06-16 13:32:12', 18, 1),
	(28, '7.3', ' alter notification and notification config table', 'SQL', 'V7_3__ alter notification and notification config table.sql', -1453456116, 'root', '2023-06-16 13:32:12', 55, 1),
	(29, '7.4', ' add note and status on handovers table', 'SQL', 'V7_4__ add note and status on handovers table.sql', 1105758472, 'root', '2023-06-16 13:32:12', 38, 1),
	(30, '8', ' modify all data type from date to datetime', 'SQL', 'V8__ modify all data type from date to datetime.sql', 746089025, 'root', '2023-06-16 13:32:12', 293, 1),
	(31, '9', 'add repair ticket, broken report ticket, ticket processes, add not null constraint on some  local date time data type', 'SQL', 'V9__add repair ticket, broken report ticket, ticket processes, add not null constraint on some  local date time data type.sql', -406958626, 'root', '2023-06-16 13:32:12', 384, 1),
	(32, '10', ' drop all ticket processes table', 'SQL', 'V10__ drop all ticket processes table.sql', -1679845413, 'root', '2023-06-16 13:32:13', 291, 1),
	(33, '10.1', ' add priority to broken report ticket table', 'SQL', 'V10_1__ add priority to broken report ticket table.sql', -1255736751, 'root', '2023-06-16 22:41:16', 101, 1),
	(34, '10.2', 'rename broken report ticket to report broken tickets', 'SQL', 'V10_2__rename broken_report_ticket to report_broken_tickets.sql', 2090141039, 'root', '2023-06-17 01:46:38', 44, 1),
	(35, '10.3', ' drop not null constraint on repair company id in repair tickets table', 'SQL', 'V10_3__ drop not null constraint on repair company id in repair_tickets table.sql', 1006886728, 'root', '2023-06-18 15:20:31', 54, 1),
	(36, '10.4', 'add repair note', 'SQL', 'V10_4__add repair note.sql', 878759836, 'root', '2023-06-19 02:58:46', 23, 1),
	(37, '10.5', ' add acceptance tester id on repair ticket table', 'SQL', 'V10_5__ add acceptance tester id on repair ticket table.sql', 45556198, 'root', '2023-06-19 22:08:40', 60, 1),
	(38, '10.6', ' add acceptance test date ', 'SQL', 'V10_6__ add acceptance test date .sql', -1577476050, 'root', '2023-06-19 23:10:07', 32, 1),
	(39, '11', ' alter transfer class to extend ticket class', 'SQL', 'V11__ alter transfer class to extend ticket class.sql', -1228354992, 'root', '2023-06-20 13:05:12', 186, 1),
	(40, '12', 'alter liquidations table', 'SQL', 'V12__alter liquidations table.sql', 865748890, 'root', '2023-06-21 17:06:46', 220, 1),
	(41, '13', ' rename to maintenance tickets and transfer tickets', 'SQL', 'V13__ rename to maintenance_tickets and transfer_tickets.sql', 1953919624, 'root', '2023-06-27 22:16:41', 49, 1),
	(42, '14', 'add some fields to maintenance table', 'SQL', 'V14__add some fields to maintenance table.sql', -1337511506, 'root', '2023-06-27 22:44:16', 193, 1),
	(43, '14.1', ' drop maintenance status', 'SQL', 'V14_1__ drop maintenance status.sql', 1969782568, 'root', '2023-06-28 00:00:19', 23, 1),
	(44, '14.2', 'add next time maintenances', 'SQL', 'V14_2__add next time maintenances.sql', 1770400610, 'root', '2023-06-28 00:00:50', 32, 1),
	(45, '14.3', ' remove next time in maintenance tickets taable', 'SQL', 'V14_3__ remove next time in maintenance tickets taable.sql', -1926536027, 'root', '2023-06-28 16:47:26', 30, 1),
	(46, '14.4', ' add not null constraint on some field in equipments table', 'SQL', 'V14_4__ add not null constraint on some field in equipments table.sql', 1867137248, 'root', '2023-06-28 17:33:34', 196, 1),
	(47, '14.5', ' add coloumn maintenance company id on maintenance table', 'SQL', 'V14_5__ add coloumn maintenance company id on maintenance table.sql', 8751378, 'root', '2023-07-01 22:04:44', 46, 1),
	(48, '15', ' alter inspection class to extend ticket class', 'SQL', 'V15__ alter inspection class to extend ticket class.sql', 2022457557, 'root', '2023-07-03 18:05:44', 180, 1),
	(49, '15.1', ' rename inspections table to inspection tickets', 'SQL', 'V15_1__ rename inspections table to inspection_tickets.sql', -1266880593, 'root', '2023-07-03 18:14:51', 11, 1),
	(50, '15.2', 'rename maintenance company id to inspection company id', 'SQL', 'V15_2__rename maintenance company id to inspection company id.sql', -693828086, 'root', '2023-07-04 22:17:09', 22, 1),
	(51, '15.3', 'add inspection evaluation status', 'SQL', 'V15_3__add inspection evaluation status.sql', -1123956591, 'root', '2023-07-04 22:48:09', 15, 1),
	(52, '15.4', 'drop not null constraint on last time in inspection tickets table', 'SQL', 'V15_4__drop not null constraint on last_time in inspection_tickets table.sql', 2074456267, 'root', '2023-07-06 01:09:28', 14, 1),
	(53, '15.5', 'rename table liquidations to liquidation tickets', 'SQL', 'V15_5__rename table liquidations to liquidation_tickets.sql', -1988729787, 'root', '2023-07-06 03:38:08', 18, 1),
	(54, '15.6', 'rename handovers to handover tickets', 'SQL', 'V15_6__rename handovers to handover_tickets.sql', 769818449, 'root', '2023-07-08 15:12:25', 35, 1),
	(55, '16', ' handover ticket entity now extend ticket class', 'SQL', 'V16__ handover ticket entity now extend ticket class.sql', -1404788501, 'root', '2023-07-08 15:28:13', 99, 1),
	(56, '16.1', 'drop department on handover ticket table', 'SQL', 'V16_1__drop department on handover ticket table.sql', 96520296, 'root', '2023-07-12 18:54:06', 37, 1),
	(57, '17', 'remove clinic inspection, cv radiation, external assessment, radiation inspection', 'SQL', 'V17__remove clinic inspection, cv radiation, external assessment, radiation inspection.sql', 2116882413, 'root', '2023-07-13 18:05:26', 109, 1),
	(58, '18', 'add department id to handover table', 'SQL', 'V18__add department id to handover table.sql', 565151906, 'root', '2023-07-14 11:14:17', 62, 1),
	(59, '18.1', 'add report broken ticket id field to repair table', 'SQL', 'V18_1__add report broken ticket id field to repair table.sql', 843228443, 'root', '2023-07-14 17:25:07', 56, 1),
	(60, '18.2', 'remove report broken ticket id and add not null on equipment unit name field', 'SQL', 'V18_2__remove report broken ticket id and add not null on equipment unit name field.sql', 163110108, 'root', '2023-07-15 23:03:10', 77, 1);
/*!40000 ALTER TABLE `flyway_schema_history` ENABLE KEYS */;

-- Dumping structure for table mdm_equipment.forgot_password
CREATE TABLE IF NOT EXISTS `forgot_password` (
  `id` bigint(20) NOT NULL AUTO_INCREMENT,
  `uuid` varchar(255) NOT NULL,
  `user_id` bigint(20) DEFAULT NULL,
  `email` varchar(255) NOT NULL,
  `created_at` bigint(20) NOT NULL,
  PRIMARY KEY (`id`),
  KEY `USER` (`user_id`),
  CONSTRAINT `USER` FOREIGN KEY (`user_id`) REFERENCES `users` (`id`)
) ENGINE=InnoDB AUTO_INCREMENT=2 DEFAULT CHARSET=utf8mb4 COLLATE=utf8mb4_general_ci;

-- Dumping data for table mdm_equipment.forgot_password: ~0 rows (approximately)
/*!40000 ALTER TABLE `forgot_password` DISABLE KEYS */;
/*!40000 ALTER TABLE `forgot_password` ENABLE KEYS */;

-- Dumping structure for table mdm_equipment.handover_tickets
CREATE TABLE IF NOT EXISTS `handover_tickets` (
  `id` bigint(20) NOT NULL AUTO_INCREMENT,
  `equipment_id` bigint(20) NOT NULL,
  `handover_date` datetime NOT NULL,
  `responsible_person_id` bigint(20) NOT NULL,
  `creator_id` bigint(20) DEFAULT NULL,
  `approval_date` datetime DEFAULT NULL,
  `approver_id` bigint(20) DEFAULT NULL,
  `handover_note` text DEFAULT NULL,
  `approver_note` varchar(255) DEFAULT NULL,
  `status` varchar(255) DEFAULT NULL,
  `code` varchar(255) NOT NULL,
  `created_date` datetime NOT NULL,
  `creator_note` text DEFAULT NULL,
  `department_id` bigint(20) NOT NULL,
  PRIMARY KEY (`id`),
  KEY `FK_HANDOVERS_ON_EQUIPMENT` (`equipment_id`),
  KEY `FK_HANDOVERS_ON_RESPONSIBLE_PERSON` (`responsible_person_id`),
  KEY `FK_HANDOVERS_ON_APPROVER` (`approver_id`),
  KEY `FK_HANDOVERS_ON_CREATED_BY` (`creator_id`) USING BTREE,
  KEY `FK_HANDOVER_TICKETS_ON_DEPARTMENT` (`department_id`),
  CONSTRAINT `FK_HANDOVERS_ON_APPROVER` FOREIGN KEY (`approver_id`) REFERENCES `users` (`id`),
  CONSTRAINT `FK_HANDOVERS_ON_CREATED_BY` FOREIGN KEY (`creator_id`) REFERENCES `users` (`id`),
  CONSTRAINT `FK_HANDOVERS_ON_EQUIPMENT` FOREIGN KEY (`equipment_id`) REFERENCES `equipments` (`id`) ON DELETE CASCADE ON UPDATE CASCADE,
  CONSTRAINT `FK_HANDOVERS_ON_RESPONSIBLE_PERSON` FOREIGN KEY (`responsible_person_id`) REFERENCES `users` (`id`) ON DELETE NO ACTION ON UPDATE CASCADE,
  CONSTRAINT `FK_HANDOVER_TICKETS_ON_DEPARTMENT` FOREIGN KEY (`department_id`) REFERENCES `departments` (`id`)
) ENGINE=InnoDB AUTO_INCREMENT=56 DEFAULT CHARSET=utf8mb4 COLLATE=utf8mb4_general_ci;

-- Dumping data for table mdm_equipment.handover_tickets: ~5 rows (approximately)
/*!40000 ALTER TABLE `handover_tickets` DISABLE KEYS */;
INSERT INTO `handover_tickets` (`id`, `equipment_id`, `handover_date`, `responsible_person_id`, `creator_id`, `approval_date`, `approver_id`, `handover_note`, `approver_note`, `status`, `code`, `created_date`, `creator_note`, `department_id`) VALUES
	(48, 2459, '2023-07-12 04:00:20', 1, 1, '2023-07-14 04:09:23', 1, NULL, NULL, 'ACCEPTED', '1689134423555', '2023-07-12 04:00:11', NULL, 9),
	(52, 2462, '2023-07-12 12:04:58', 1, 1, '2023-07-12 14:25:28', 1, NULL, NULL, 'ACCEPTED', '1689163615014', '2023-07-12 12:04:53', NULL, 9),
	(53, 2463, '2023-07-12 14:13:48', 1, 1, '2023-07-14 04:09:34', 1, NULL, NULL, 'ACCEPTED', '1689171231587', '2023-07-12 14:13:43', NULL, 9),
	(54, 2464, '2023-07-14 10:20:49', 1, 1, NULL, NULL, NULL, NULL, 'PENDING', '1689330052689', '2023-07-14 10:20:44', NULL, 9),
	(55, 2465, '2023-07-14 10:21:13', 1, 1, '2023-07-14 10:21:22', 1, NULL, NULL, 'ACCEPTED', '1689330075699', '2023-07-14 10:21:07', NULL, 9);
/*!40000 ALTER TABLE `handover_tickets` ENABLE KEYS */;

-- Dumping structure for table mdm_equipment.inspection_tickets
CREATE TABLE IF NOT EXISTS `inspection_tickets` (
  `id` bigint(20) NOT NULL AUTO_INCREMENT,
  `equipment_id` bigint(20) NOT NULL,
  `last_time` datetime DEFAULT NULL,
  `inspection_note` text DEFAULT NULL,
  `price` double DEFAULT NULL,
  `status` varchar(255) DEFAULT NULL,
  `approval_date` datetime DEFAULT NULL,
  `approver_id` bigint(20) DEFAULT NULL,
  `approver_note` text DEFAULT NULL,
  `code` varchar(255) NOT NULL,
  `created_date` datetime NOT NULL,
  `creator_id` bigint(20) DEFAULT NULL,
  `creator_note` text DEFAULT NULL,
  `inspection_company_id` bigint(20) DEFAULT NULL,
  `evaluation_status` varchar(255) DEFAULT NULL,
  PRIMARY KEY (`id`),
  KEY `FK_INSPECTIONS_ON_EQUIPMENT` (`equipment_id`),
  KEY `FK_INSPECTIONS_ON_APPROVER` (`approver_id`),
  KEY `FK_INSPECTIONS_ON_CREATOR` (`creator_id`),
  KEY `FK_INSPECTIONS_ON_MAINTENANCE_COMPANY` (`inspection_company_id`),
  CONSTRAINT `FK_INSPECTIONS_ON_APPROVER` FOREIGN KEY (`approver_id`) REFERENCES `users` (`id`),
  CONSTRAINT `FK_INSPECTIONS_ON_CREATOR` FOREIGN KEY (`creator_id`) REFERENCES `users` (`id`),
  CONSTRAINT `FK_INSPECTIONS_ON_EQUIPMENT` FOREIGN KEY (`equipment_id`) REFERENCES `equipments` (`id`) ON DELETE CASCADE ON UPDATE CASCADE,
  CONSTRAINT `FK_INSPECTIONS_ON_MAINTENANCE_COMPANY` FOREIGN KEY (`inspection_company_id`) REFERENCES `suppliers` (`id`)
) ENGINE=InnoDB AUTO_INCREMENT=10 DEFAULT CHARSET=utf8mb4 COLLATE=utf8mb4_general_ci;

-- Dumping data for table mdm_equipment.inspection_tickets: ~9 rows (approximately)
/*!40000 ALTER TABLE `inspection_tickets` DISABLE KEYS */;
INSERT INTO `inspection_tickets` (`id`, `equipment_id`, `last_time`, `inspection_note`, `price`, `status`, `approval_date`, `approver_id`, `approver_note`, `code`, `created_date`, `creator_id`, `creator_note`, `inspection_company_id`, `evaluation_status`) VALUES
	(1, 2423, '2023-07-05 19:42:31', 'okok', 123, 'ACCEPTED', '2023-07-05 18:26:55', 1, NULL, '1688581532867', '2023-07-05 18:25:30', 1, NULL, 1, 'GOOD'),
	(2, 2423, '2023-07-05 19:44:10', 'okok', 123, 'ACCEPTED', '2023-07-05 19:44:06', 1, NULL, '1688586244937', '2023-07-05 19:44:02', 1, NULL, 1, 'BAD_CANNOT_REPAIR'),
	(3, 2440, NULL, NULL, NULL, 'REJECTED', '2023-07-05 19:57:19', 1, NULL, '1688586995121', '2023-07-05 19:56:20', 1, 'ok', NULL, NULL),
	(4, 2440, NULL, NULL, NULL, 'REJECTED', '2023-07-05 19:58:00', 1, NULL, '1688587058368', '2023-07-05 19:57:26', 1, NULL, NULL, NULL),
	(5, 2440, '2023-07-08 05:18:44', NULL, 12213, 'ACCEPTED', '2023-07-08 05:18:38', 1, NULL, '1688587321438', '2023-07-05 20:01:57', 1, NULL, 2, 'GOOD'),
	(6, 2453, '2023-07-14 17:15:50', NULL, 123132654, 'ACCEPTED', '2023-07-14 17:10:42', 1, NULL, '1688587341088', '2023-07-05 20:02:17', 1, NULL, 1, 'GOOD'),
	(7, 2450, '2023-07-12 14:32:33', NULL, 1000, 'ACCEPTED', '2023-07-12 14:32:28', 1, NULL, '1688587377263', '2023-07-05 20:02:44', 1, NULL, 1, 'GOOD'),
	(8, 2455, '2023-07-14 17:16:50', NULL, 21321123, 'ACCEPTED', '2023-07-14 17:16:47', 1, NULL, '1688589164161', '2023-07-05 20:32:31', 1, NULL, 1, 'GOOD'),
	(9, 2441, '2023-07-14 17:16:25', NULL, 414141, 'ACCEPTED', '2023-07-14 17:16:21', 1, NULL, '1689354980682', '2023-07-14 17:16:19', 1, NULL, 1, 'BAD_CAN_REPAIR');
/*!40000 ALTER TABLE `inspection_tickets` ENABLE KEYS */;

-- Dumping structure for table mdm_equipment.inventories
CREATE TABLE IF NOT EXISTS `inventories` (
  `id` bigint(20) NOT NULL AUTO_INCREMENT,
  `equipment_id` bigint(20) NOT NULL,
  `inventory_date` datetime NOT NULL,
  `note` text DEFAULT NULL,
  `inventory_person_id` bigint(20) NOT NULL,
  `time` int(11) NOT NULL,
  PRIMARY KEY (`id`),
  KEY `FK_INVENTORIES_ON_EQUIPMENT` (`equipment_id`),
  KEY `FK_INVENTORIES_ON_INVENTORY_PERSON` (`inventory_person_id`),
  CONSTRAINT `FK_INVENTORIES_ON_EQUIPMENT` FOREIGN KEY (`equipment_id`) REFERENCES `equipments` (`id`) ON DELETE CASCADE ON UPDATE CASCADE,
  CONSTRAINT `FK_INVENTORIES_ON_INVENTORY_PERSON` FOREIGN KEY (`inventory_person_id`) REFERENCES `users` (`id`) ON DELETE NO ACTION ON UPDATE CASCADE
) ENGINE=InnoDB DEFAULT CHARSET=utf8mb4 COLLATE=utf8mb4_general_ci;

-- Dumping data for table mdm_equipment.inventories: ~0 rows (approximately)
/*!40000 ALTER TABLE `inventories` DISABLE KEYS */;
/*!40000 ALTER TABLE `inventories` ENABLE KEYS */;

-- Dumping structure for table mdm_equipment.liquidation_tickets
CREATE TABLE IF NOT EXISTS `liquidation_tickets` (
  `id` bigint(20) NOT NULL AUTO_INCREMENT,
  `liquidation_date` datetime NOT NULL,
  `equipment_id` bigint(20) NOT NULL,
  `approver_id` bigint(20) DEFAULT NULL,
  `liquidation_note` text DEFAULT NULL,
  `price` double DEFAULT NULL,
  `approval_date` datetime DEFAULT NULL,
  `approver_note` text DEFAULT NULL,
  `code` varchar(255) NOT NULL,
  `created_date` datetime NOT NULL,
  `creator_id` bigint(20) DEFAULT NULL,
  `creator_note` text DEFAULT NULL,
  `status` varchar(255) DEFAULT NULL,
  PRIMARY KEY (`id`),
  KEY `FK_LIQUIDATIONS_ON_APPROVER` (`approver_id`),
  KEY `FK_LIQUIDATIONS_ON_EQUIPMENT` (`equipment_id`),
  KEY `FK_LIQUIDATIONS_ON_CREATOR` (`creator_id`),
  CONSTRAINT `FK_LIQUIDATIONS_ON_APPROVER` FOREIGN KEY (`approver_id`) REFERENCES `users` (`id`) ON DELETE SET NULL ON UPDATE CASCADE,
  CONSTRAINT `FK_LIQUIDATIONS_ON_CREATOR` FOREIGN KEY (`creator_id`) REFERENCES `users` (`id`),
  CONSTRAINT `FK_LIQUIDATIONS_ON_EQUIPMENT` FOREIGN KEY (`equipment_id`) REFERENCES `equipments` (`id`) ON DELETE CASCADE ON UPDATE CASCADE
) ENGINE=InnoDB AUTO_INCREMENT=3 DEFAULT CHARSET=utf8mb4 COLLATE=utf8mb4_general_ci;

-- Dumping data for table mdm_equipment.liquidation_tickets: ~1 rows (approximately)
/*!40000 ALTER TABLE `liquidation_tickets` DISABLE KEYS */;
INSERT INTO `liquidation_tickets` (`id`, `liquidation_date`, `equipment_id`, `approver_id`, `liquidation_note`, `price`, `approval_date`, `approver_note`, `code`, `created_date`, `creator_id`, `creator_note`, `status`) VALUES
	(1, '2023-07-07 14:46:23', 2423, 1, NULL, 1000000, '2023-07-08 05:12:44', NULL, '1688741199192', '2023-07-07 14:46:23', 1, NULL, 'ACCEPTED'),
	(2, '2023-07-08 07:53:10', 2431, NULL, 'asdf', 213, NULL, NULL, '1688802798829', '2023-07-08 07:53:10', 1, 'sf', 'PENDING');
/*!40000 ALTER TABLE `liquidation_tickets` ENABLE KEYS */;

-- Dumping structure for table mdm_equipment.maintenance_tickets
CREATE TABLE IF NOT EXISTS `maintenance_tickets` (
  `id` bigint(20) NOT NULL AUTO_INCREMENT,
  `equipment_id` bigint(20) NOT NULL,
  `last_time` datetime DEFAULT NULL,
  `maintenance_note` text DEFAULT NULL,
  `price` double DEFAULT NULL,
  `approval_date` datetime DEFAULT NULL,
  `approver_id` bigint(20) DEFAULT NULL,
  `approver_note` text DEFAULT NULL,
  `code` varchar(255) NOT NULL,
  `created_date` datetime NOT NULL,
  `creator_id` bigint(20) DEFAULT NULL,
  `creator_note` text DEFAULT NULL,
  `status` varchar(255) DEFAULT NULL,
  `maintenance_company_id` bigint(20) DEFAULT NULL,
  PRIMARY KEY (`id`),
  KEY `FK_MAINTENANCES_ON_EQUIPMENT` (`equipment_id`),
  KEY `FK_MAINTENANCE_TICKETS_ON_APPROVER` (`approver_id`),
  KEY `FK_MAINTENANCE_TICKETS_ON_CREATOR` (`creator_id`),
  KEY `FK_MAINTENANCE_TICKETS_ON_MAINTENANCE_COMPANY` (`maintenance_company_id`),
  CONSTRAINT `FK_MAINTENANCES_ON_EQUIPMENT` FOREIGN KEY (`equipment_id`) REFERENCES `equipments` (`id`) ON DELETE CASCADE ON UPDATE CASCADE,
  CONSTRAINT `FK_MAINTENANCE_TICKETS_ON_APPROVER` FOREIGN KEY (`approver_id`) REFERENCES `users` (`id`),
  CONSTRAINT `FK_MAINTENANCE_TICKETS_ON_CREATOR` FOREIGN KEY (`creator_id`) REFERENCES `users` (`id`),
  CONSTRAINT `FK_MAINTENANCE_TICKETS_ON_MAINTENANCE_COMPANY` FOREIGN KEY (`maintenance_company_id`) REFERENCES `suppliers` (`id`)
) ENGINE=InnoDB AUTO_INCREMENT=18 DEFAULT CHARSET=utf8mb4 COLLATE=utf8mb4_general_ci;

-- Dumping data for table mdm_equipment.maintenance_tickets: ~16 rows (approximately)
/*!40000 ALTER TABLE `maintenance_tickets` DISABLE KEYS */;
INSERT INTO `maintenance_tickets` (`id`, `equipment_id`, `last_time`, `maintenance_note`, `price`, `approval_date`, `approver_id`, `approver_note`, `code`, `created_date`, `creator_id`, `creator_note`, `status`, `maintenance_company_id`) VALUES
	(2, 2423, '2023-07-03 07:16:23', 'rfghrf', 213312, '2023-07-01 03:51:28', 1, NULL, '1688124749065', '2023-06-30 11:32:04', 1, 'đề nghị phê duyệt', 'ACCEPTED', 1),
	(3, 2430, '2023-07-03 09:56:56', NULL, 213312, '2023-07-03 07:50:43', 1, NULL, '1688178350845', '2023-07-01 02:25:47', 1, NULL, 'ACCEPTED', 1),
	(4, 2423, '2023-07-03 09:55:43', NULL, 1111, '2023-07-03 07:59:33', 1, NULL, '1688370672554', '2023-07-03 07:51:10', 1, NULL, 'ACCEPTED', 1),
	(5, 2441, '2023-07-14 16:46:36', NULL, 21321123, '2023-07-03 07:59:46', 1, NULL, '1688371069169', '2023-07-03 07:57:47', 1, NULL, 'ACCEPTED', 1),
	(6, 2442, NULL, NULL, NULL, NULL, NULL, NULL, '1688371074470', '2023-07-03 07:57:53', 1, NULL, 'PENDING', NULL),
	(7, 2442, NULL, NULL, NULL, NULL, NULL, NULL, '1688371078766', '2023-07-03 07:57:57', 1, NULL, 'PENDING', NULL),
	(8, 2442, NULL, NULL, NULL, '2023-07-03 07:59:52', 1, NULL, '1688371081478', '2023-07-03 07:58:00', 1, NULL, 'ACCEPTED', NULL),
	(9, 2443, NULL, NULL, NULL, NULL, NULL, NULL, '1688371113450', '2023-07-03 07:58:32', 1, NULL, 'PENDING', NULL),
	(10, 2444, NULL, NULL, NULL, NULL, NULL, NULL, '1688371116627', '2023-07-03 07:58:35', 1, NULL, 'PENDING', NULL),
	(11, 2445, NULL, NULL, NULL, NULL, NULL, NULL, '1688371164080', '2023-07-03 07:59:22', 1, NULL, 'PENDING', NULL),
	(12, 2446, NULL, NULL, NULL, NULL, NULL, NULL, '1688371166556', '2023-07-03 07:59:25', 1, NULL, 'PENDING', NULL),
	(13, 2447, NULL, NULL, NULL, NULL, NULL, NULL, '1688371169101', '2023-07-03 07:59:28', 1, NULL, 'PENDING', NULL),
	(14, 2448, NULL, NULL, NULL, NULL, NULL, NULL, '1688371171570', '2023-07-03 07:59:30', 1, NULL, 'PENDING', NULL),
	(15, 2430, NULL, NULL, NULL, '2023-07-03 10:20:06', 1, NULL, '1688378992258', '2023-07-03 10:09:49', 1, NULL, 'REJECTED', NULL),
	(16, 2423, '2023-07-03 10:12:56', 'wesdffddsfgfredfew', 213312, '2023-07-03 10:12:51', 1, NULL, '1688379170611', '2023-07-03 10:12:49', 1, NULL, 'ACCEPTED', 2),
	(17, 2423, '2023-07-03 10:14:49', NULL, 1221321, '2023-07-03 10:13:30', 1, NULL, '1688379209853', '2023-07-03 10:13:28', 1, NULL, 'REJECTED', 2);
/*!40000 ALTER TABLE `maintenance_tickets` ENABLE KEYS */;

-- Dumping structure for table mdm_equipment.notifications
CREATE TABLE IF NOT EXISTS `notifications` (
  `id` bigint(20) NOT NULL AUTO_INCREMENT,
  `content` longtext CHARACTER SET utf8mb4 COLLATE utf8mb4_bin DEFAULT NULL CHECK (json_valid(`content`)),
  `notification_type` varchar(255) DEFAULT NULL,
  `created_at` bigint(20) DEFAULT NULL,
  PRIMARY KEY (`id`)
) ENGINE=InnoDB DEFAULT CHARSET=utf8mb4 COLLATE=utf8mb4_general_ci;

-- Dumping data for table mdm_equipment.notifications: ~0 rows (approximately)
/*!40000 ALTER TABLE `notifications` DISABLE KEYS */;
/*!40000 ALTER TABLE `notifications` ENABLE KEYS */;

-- Dumping structure for table mdm_equipment.notification_configs
CREATE TABLE IF NOT EXISTS `notification_configs` (
  `id` bigint(20) NOT NULL AUTO_INCREMENT,
  `role_can_receive_notification` varchar(255) NOT NULL,
  `notification_type` varchar(255) DEFAULT NULL,
  PRIMARY KEY (`id`)
) ENGINE=InnoDB AUTO_INCREMENT=3 DEFAULT CHARSET=utf8mb4 COLLATE=utf8mb4_general_ci;

-- Dumping data for table mdm_equipment.notification_configs: ~2 rows (approximately)
/*!40000 ALTER TABLE `notification_configs` DISABLE KEYS */;
INSERT INTO `notification_configs` (`id`, `role_can_receive_notification`, `notification_type`) VALUES
	(1, 'DDT', 'HANDOVER'),
	(2, 'ADMIN', 'HANDOVER');
/*!40000 ALTER TABLE `notification_configs` ENABLE KEYS */;

-- Dumping structure for table mdm_equipment.projects
CREATE TABLE IF NOT EXISTS `projects` (
  `id` bigint(20) NOT NULL AUTO_INCREMENT,
  `name` varchar(255) NOT NULL,
  `funding_source` varchar(255) DEFAULT NULL,
  `start_date` datetime DEFAULT NULL,
  `end_date` datetime DEFAULT NULL,
  PRIMARY KEY (`id`)
) ENGINE=InnoDB DEFAULT CHARSET=utf8mb4 COLLATE=utf8mb4_general_ci;

-- Dumping data for table mdm_equipment.projects: ~0 rows (approximately)
/*!40000 ALTER TABLE `projects` DISABLE KEYS */;
/*!40000 ALTER TABLE `projects` ENABLE KEYS */;

-- Dumping structure for table mdm_equipment.provider_provides_services
CREATE TABLE IF NOT EXISTS `provider_provides_services` (
  `provider_id` bigint(20) NOT NULL,
  `service_id` bigint(20) NOT NULL,
  KEY `fk_proproser_on_service` (`service_id`),
  KEY `fk_proproser_on_supplier` (`provider_id`),
  CONSTRAINT `fk_proproser_on_service` FOREIGN KEY (`service_id`) REFERENCES `services` (`id`) ON DELETE CASCADE ON UPDATE CASCADE,
  CONSTRAINT `fk_proproser_on_supplier` FOREIGN KEY (`provider_id`) REFERENCES `suppliers` (`id`) ON DELETE CASCADE ON UPDATE CASCADE
) ENGINE=InnoDB DEFAULT CHARSET=utf8mb4 COLLATE=utf8mb4_general_ci;

-- Dumping data for table mdm_equipment.provider_provides_services: ~0 rows (approximately)
/*!40000 ALTER TABLE `provider_provides_services` DISABLE KEYS */;
/*!40000 ALTER TABLE `provider_provides_services` ENABLE KEYS */;

-- Dumping structure for table mdm_equipment.repair_tickets
CREATE TABLE IF NOT EXISTS `repair_tickets` (
  `id` bigint(20) NOT NULL AUTO_INCREMENT,
  `code` varchar(255) NOT NULL,
  `status` varchar(255) DEFAULT NULL,
  `equipment_id` bigint(20) NOT NULL,
  `estimated_cost` bigint(20) DEFAULT NULL,
  `repair_status` varchar(255) DEFAULT NULL,
  `repair_start_date` datetime DEFAULT NULL,
  `repair_end_date` datetime DEFAULT NULL,
  `actual_cost` bigint(20) DEFAULT NULL,
  `repair_company_id` bigint(20) DEFAULT NULL,
  `approval_date` datetime DEFAULT NULL,
  `approver_id` bigint(20) DEFAULT NULL,
  `approver_note` text DEFAULT NULL,
  `created_date` datetime NOT NULL,
  `creator_id` bigint(20) DEFAULT NULL,
  `creator_note` text DEFAULT NULL,
  `repair_note` varchar(255) DEFAULT NULL,
  `acceptance_tester_id` bigint(20) DEFAULT NULL,
  `acceptance_test_date` datetime DEFAULT NULL,
  PRIMARY KEY (`id`),
  UNIQUE KEY `ticket_code` (`code`),
  KEY `FK_REPAIR_TICKETS_ON_EQUIPMENT` (`equipment_id`),
  KEY `FK_REPAIR_TICKETS_ON_REPAIR_COMPANY` (`repair_company_id`),
  KEY `FK_REPAIR_TICKETS_ON_APPROVER` (`approver_id`),
  KEY `FK_REPAIR_TICKETS_ON_CREATOR` (`creator_id`),
  KEY `FK_REPAIR_TICKETS_ON_ACCEPTANCE_TESTER` (`acceptance_tester_id`),
  CONSTRAINT `FK_REPAIR_TICKETS_ON_ACCEPTANCE_TESTER` FOREIGN KEY (`acceptance_tester_id`) REFERENCES `users` (`id`),
  CONSTRAINT `FK_REPAIR_TICKETS_ON_APPROVER` FOREIGN KEY (`approver_id`) REFERENCES `users` (`id`) ON DELETE NO ACTION,
  CONSTRAINT `FK_REPAIR_TICKETS_ON_CREATOR` FOREIGN KEY (`creator_id`) REFERENCES `users` (`id`) ON DELETE NO ACTION,
  CONSTRAINT `FK_REPAIR_TICKETS_ON_EQUIPMENT` FOREIGN KEY (`equipment_id`) REFERENCES `equipments` (`id`),
  CONSTRAINT `FK_REPAIR_TICKETS_ON_REPAIR_COMPANY` FOREIGN KEY (`repair_company_id`) REFERENCES `suppliers` (`id`)
) ENGINE=InnoDB AUTO_INCREMENT=27 DEFAULT CHARSET=utf8mb4 COLLATE=utf8mb4_general_ci;

-- Dumping data for table mdm_equipment.repair_tickets: ~11 rows (approximately)
/*!40000 ALTER TABLE `repair_tickets` DISABLE KEYS */;
INSERT INTO `repair_tickets` (`id`, `code`, `status`, `equipment_id`, `estimated_cost`, `repair_status`, `repair_start_date`, `repair_end_date`, `actual_cost`, `repair_company_id`, `approval_date`, `approver_id`, `approver_note`, `created_date`, `creator_id`, `creator_note`, `repair_note`, `acceptance_tester_id`, `acceptance_test_date`) VALUES
	(16, '1687077888461', 'ACCEPTED', 2423, 0, 'DONE', '2023-06-18 08:44:43', '2023-06-19 09:08:28', 1000, 1, '2023-06-18 16:43:00', 1, 'sdaafsdadsfasdfasfd', '2023-06-18 08:44:43', 1, NULL, 'sua ok', 1, NULL),
	(17, '1687084453105', 'ACCEPTED', 2426, 0, 'DONE', '2023-06-18 10:34:02', '2023-07-15 15:00:27', 1000000, NULL, '2023-07-13 04:13:00', 1, NULL, '2023-06-18 10:34:02', 1, NULL, NULL, NULL, NULL),
	(18, '1687084544983', 'ACCEPTED', 2431, 0, 'CAN_NOT_REPAIR', '2023-06-18 10:35:36', '2023-06-19 09:19:10', 1000, 1, '2023-06-19 09:19:00', 1, 'ok', '2023-06-18 10:35:36', 1, NULL, NULL, 1, NULL),
	(19, '1687166325342', 'ACCEPTED', 2430, 0, 'DONE', '2023-06-19 09:18:29', '2023-06-19 09:21:12', 1000, 1, '2023-06-19 09:21:00', 1, NULL, '2023-06-19 09:18:29', 1, NULL, NULL, 1, NULL),
	(20, '1687167535602', 'ACCEPTED', 2432, 1000, 'DONE', '2023-06-19 09:38:51', '2023-06-19 09:40:47', 1000, 1, '2023-06-19 09:40:00', 1, NULL, '2023-06-19 09:38:51', 1, NULL, NULL, 1, NULL),
	(21, '1687167833669', 'ACCEPTED', 2433, 1000, 'CAN_NOT_REPAIR', '2023-06-19 09:43:38', '2023-06-19 09:44:11', 1000, 1, '2023-06-19 09:44:00', 1, NULL, '2023-06-19 09:43:38', 1, NULL, NULL, 1, NULL),
	(22, '1687188833789', 'ACCEPTED', 2435, 1000, 'CAN_NOT_REPAIR', '2023-06-19 15:33:39', '2023-07-13 09:00:45', 1000, 2, '2023-06-19 15:34:00', 1, 'ok', '2023-06-19 15:33:39', 1, NULL, NULL, 1, NULL),
	(23, '1689224234009', 'ACCEPTED', 2437, 123123, 'IN_PROGRESS', '2023-07-13 04:27:35', NULL, NULL, 1, '2023-07-13 08:36:57', 1, NULL, '2023-07-13 04:27:35', 1, NULL, NULL, NULL, NULL),
	(24, '1689232525316', 'ACCEPTED', 2438, 123445, 'IN_PROGRESS', '2023-07-13 06:59:31', NULL, NULL, NULL, '2023-07-13 08:40:07', 1, NULL, '2023-07-13 06:59:31', 1, NULL, NULL, NULL, NULL),
	(25, '1689237639728', 'ACCEPTED', 2451, 10011001, 'IN_PROGRESS', '2023-07-13 08:40:35', NULL, NULL, NULL, '2023-07-15 10:48:36', 1, NULL, '2023-07-13 08:40:35', 1, NULL, NULL, NULL, NULL),
	(26, '1689410581225', 'ACCEPTED', 2453, 1000000, 'DONE', '2023-07-15 08:41:12', '2023-07-15 08:45:40', 1000000, 1, '2023-07-15 08:43:20', 1, NULL, '2023-07-15 08:41:12', 1, NULL, NULL, 1, NULL);
/*!40000 ALTER TABLE `repair_tickets` ENABLE KEYS */;

-- Dumping structure for table mdm_equipment.report_broken_tickets
CREATE TABLE IF NOT EXISTS `report_broken_tickets` (
  `id` bigint(20) NOT NULL AUTO_INCREMENT,
  `code` varchar(255) NOT NULL,
  `status` varchar(255) DEFAULT NULL,
  `equipment_id` bigint(20) NOT NULL,
  `reason` text DEFAULT NULL,
  `approval_date` datetime DEFAULT NULL,
  `approver_id` bigint(20) DEFAULT NULL,
  `approver_note` text DEFAULT NULL,
  `created_date` datetime NOT NULL,
  `creator_id` bigint(20) DEFAULT NULL,
  `creator_note` text DEFAULT NULL,
  `priority` varchar(255) NOT NULL,
  PRIMARY KEY (`id`),
  UNIQUE KEY `ticket_code` (`code`),
  KEY `FK_BROKEN_REPORT_TICKETS_ON_EQUIPMENT` (`equipment_id`),
  KEY `FK_BROKEN_REPORT_TICKETS_ON_APPROVER` (`approver_id`),
  KEY `FK_BROKEN_REPORT_TICKETS_ON_CREATOR` (`creator_id`),
  CONSTRAINT `FK_BROKEN_REPORT_TICKETS_ON_APPROVER` FOREIGN KEY (`approver_id`) REFERENCES `users` (`id`) ON DELETE NO ACTION,
  CONSTRAINT `FK_BROKEN_REPORT_TICKETS_ON_CREATOR` FOREIGN KEY (`creator_id`) REFERENCES `users` (`id`) ON DELETE NO ACTION,
  CONSTRAINT `FK_BROKEN_REPORT_TICKETS_ON_EQUIPMENT` FOREIGN KEY (`equipment_id`) REFERENCES `equipments` (`id`)
) ENGINE=InnoDB AUTO_INCREMENT=19 DEFAULT CHARSET=utf8mb4 COLLATE=utf8mb4_general_ci;

-- Dumping data for table mdm_equipment.report_broken_tickets: ~17 rows (approximately)
/*!40000 ALTER TABLE `report_broken_tickets` DISABLE KEYS */;
INSERT INTO `report_broken_tickets` (`id`, `code`, `status`, `equipment_id`, `reason`, `approval_date`, `approver_id`, `approver_note`, `created_date`, `creator_id`, `creator_note`, `priority`) VALUES
	(1, '1686935859972', 'ACCEPTED', 2423, 'ok', '2023-06-17 16:23:11', 1, 'ok', '2023-06-16 17:16:13', 1, '', 'HIGH'),
	(2, '1686985118019', 'ACCEPTED', 2426, 'ok', '2023-06-17 16:32:27', 1, 'ok', '2023-06-17 06:58:29', 1, NULL, 'HIGH'),
	(3, '1686985317823', 'ACCEPTED', 2451, 'ok', '2023-07-13 03:46:16', 1, NULL, '2023-06-17 07:01:42', 1, NULL, 'HIGH'),
	(4, '1686985435755', 'REJECTED', 2430, 'ok', '2023-06-17 18:04:39', 1, NULL, '2023-06-17 07:03:29', 1, NULL, 'HIGH'),
	(5, '1686985499793', 'REJECTED', 2431, 'ok', '2023-06-17 18:04:53', 1, NULL, '2023-06-17 07:04:52', 1, NULL, 'HIGH'),
	(6, '1686985878375', 'ACCEPTED', 2432, 'ok', '2023-06-19 09:22:54', 1, NULL, '2023-06-17 07:11:08', 1, NULL, 'HIGH'),
	(7, '1686986479363', 'ACCEPTED', 2433, 'ok', '2023-06-19 09:22:57', 1, NULL, '2023-06-17 07:21:11', 1, NULL, 'HIGH'),
	(8, '1686986699377', 'ACCEPTED', 2435, 'ok', '2023-06-19 09:23:00', 1, NULL, '2023-06-17 07:24:49', 1, NULL, 'HIGH'),
	(9, '1686986957772', 'ACCEPTED', 2437, 'ko biet', '2023-06-19 09:23:02', 1, NULL, '2023-06-17 07:28:58', 1, NULL, 'HIGH'),
	(10, '1686986994957', 'ACCEPTED', 2438, 'ok tét', '2023-07-13 03:46:32', 1, NULL, '2023-06-17 07:29:41', 1, NULL, 'HIGH'),
	(11, '1687025108019', 'REJECTED', 2431, 'ok', '2023-06-17 18:05:13', 1, NULL, '2023-06-17 18:05:00', 1, NULL, 'HIGH'),
	(12, '1687025146202', 'ACCEPTED', 2431, 'sdfa', '2023-06-17 18:05:50', 1, NULL, '2023-06-17 18:05:42', 1, NULL, 'HIGH'),
	(13, '1687035774515', 'ACCEPTED', 2430, 'ok', '2023-06-18 21:54:20', 1, NULL, '2023-06-17 21:02:42', 1, NULL, 'HIGH'),
	(14, '1689219451589', 'PENDING', 2430, 'ok', NULL, NULL, NULL, '2023-07-13 03:37:11', 1, NULL, 'HIGH'),
	(15, '1689219473552', 'PENDING', 2439, 'ok', NULL, NULL, NULL, '2023-07-13 03:37:38', 1, NULL, 'HIGH'),
	(16, '1689219527366', 'PENDING', 2454, 'ok', NULL, NULL, NULL, '2023-07-13 03:38:41', 1, NULL, 'HIGH'),
	(17, '1689219834875', 'PENDING', 2450, 'ok', NULL, NULL, NULL, '2023-07-13 03:43:50', 1, NULL, 'HIGH'),
	(18, '1689410353229', 'ACCEPTED', 2453, 'hỏng để test', '2023-07-15 08:39:39', 1, NULL, '2023-07-15 08:38:29', 1, NULL, 'HIGH');
/*!40000 ALTER TABLE `report_broken_tickets` ENABLE KEYS */;

-- Dumping structure for table mdm_equipment.services
CREATE TABLE IF NOT EXISTS `services` (
  `id` bigint(20) NOT NULL AUTO_INCREMENT,
  `name` varchar(255) NOT NULL,
  `note` text NOT NULL,
  PRIMARY KEY (`id`)
) ENGINE=InnoDB DEFAULT CHARSET=utf8mb4 COLLATE=utf8mb4_general_ci;

-- Dumping data for table mdm_equipment.services: ~0 rows (approximately)
/*!40000 ALTER TABLE `services` DISABLE KEYS */;
/*!40000 ALTER TABLE `services` ENABLE KEYS */;

-- Dumping structure for table mdm_equipment.suppliers
CREATE TABLE IF NOT EXISTS `suppliers` (
  `id` bigint(20) NOT NULL AUTO_INCREMENT,
  `name` varchar(255) NOT NULL,
  `address` varchar(255) DEFAULT NULL,
  `hotline` varchar(255) NOT NULL,
  `email` varchar(255) NOT NULL,
  `fax` varchar(255) DEFAULT NULL,
  `website` varchar(255) DEFAULT NULL,
  `tax_code` varchar(255) DEFAULT NULL,
  `contact_person_id` bigint(20) DEFAULT NULL,
  `note` varchar(255) DEFAULT NULL,
  PRIMARY KEY (`id`),
  UNIQUE KEY `email` (`email`),
  UNIQUE KEY `hotline` (`hotline`),
  UNIQUE KEY `taxCode` (`tax_code`),
  KEY `FK_SUPPLIERS_ON_CONTACT_PERSON` (`contact_person_id`),
  CONSTRAINT `FK_SUPPLIERS_ON_CONTACT_PERSON` FOREIGN KEY (`contact_person_id`) REFERENCES `users` (`id`) ON DELETE NO ACTION ON UPDATE CASCADE
) ENGINE=InnoDB AUTO_INCREMENT=3 DEFAULT CHARSET=utf8mb4 COLLATE=utf8mb4_general_ci;

-- Dumping data for table mdm_equipment.suppliers: ~2 rows (approximately)
/*!40000 ALTER TABLE `suppliers` DISABLE KEYS */;
INSERT INTO `suppliers` (`id`, `name`, `address`, `hotline`, `email`, `fax`, `website`, `tax_code`, `contact_person_id`, `note`) VALUES
	(1, 'Công ty A', 'Viet nam', '123456789', 'congtysuachua@gmail.com', '123456789', 'google.com', '123654', NULL, 'cong ty cung cap dich vu sua chua'),
	(2, 'CÔng ty B', 'VN', '465654', 'suachua@gmail.com', '832908', 'google.com', '3289428', NULL, 'sua chua ');
/*!40000 ALTER TABLE `suppliers` ENABLE KEYS */;

-- Dumping structure for table mdm_equipment.supplies
CREATE TABLE IF NOT EXISTS `supplies` (
  `id` bigint(20) NOT NULL AUTO_INCREMENT,
  `name` varchar(255) NOT NULL,
  `model` varchar(255) NOT NULL,
  `serial` varchar(255) DEFAULT NULL,
  `code` varchar(255) DEFAULT NULL,
  `hash_code` varchar(255) DEFAULT NULL,
  `amount_used` double NOT NULL,
  `amount` double NOT NULL,
  `warehouse_import_date` datetime DEFAULT NULL,
  `year_of_manufacture` int(11) NOT NULL,
  `year_in_use` int(11) NOT NULL,
  `import_price` double DEFAULT NULL,
  `project_id` bigint(20) DEFAULT NULL,
  `unit_id` bigint(20) DEFAULT NULL,
  `supply_category_id` bigint(20) DEFAULT NULL,
  `risk_level` varchar(255) DEFAULT NULL,
  `status` varchar(255) NOT NULL,
  `manufacturer` varchar(255) DEFAULT NULL,
  `manufacturing_country` varchar(255) DEFAULT NULL,
  `supplier_id` bigint(20) DEFAULT NULL,
  `expiry_date` datetime DEFAULT NULL,
  `technical_parameter` text DEFAULT NULL,
  `configuration` text DEFAULT NULL,
  `usage_procedure` text DEFAULT NULL,
  `note` text DEFAULT NULL,
  `create_at` datetime DEFAULT NULL,
  `update_at` datetime DEFAULT NULL,
  PRIMARY KEY (`id`),
  UNIQUE KEY `code` (`code`),
  UNIQUE KEY `hashCode` (`hash_code`),
  UNIQUE KEY `serial` (`serial`),
  KEY `FK_SUPPLIES_ON_PROJECT` (`project_id`),
  KEY `FK_SUPPLIES_ON_SUPPLIER` (`supplier_id`),
  KEY `FK_SUPPLIES_ON_SUPPLY_CATEGORY` (`supply_category_id`),
  KEY `FK_SUPPLIES_ON_UNIT` (`unit_id`),
  CONSTRAINT `FK_SUPPLIES_ON_PROJECT` FOREIGN KEY (`project_id`) REFERENCES `projects` (`id`) ON DELETE SET NULL ON UPDATE CASCADE,
  CONSTRAINT `FK_SUPPLIES_ON_SUPPLIER` FOREIGN KEY (`supplier_id`) REFERENCES `suppliers` (`id`) ON DELETE SET NULL ON UPDATE CASCADE,
  CONSTRAINT `FK_SUPPLIES_ON_SUPPLY_CATEGORY` FOREIGN KEY (`supply_category_id`) REFERENCES `supply_categories` (`id`) ON DELETE SET NULL ON UPDATE CASCADE,
  CONSTRAINT `FK_SUPPLIES_ON_UNIT` FOREIGN KEY (`unit_id`) REFERENCES `supply_units` (`id`) ON DELETE SET NULL ON UPDATE CASCADE
) ENGINE=InnoDB DEFAULT CHARSET=utf8mb4 COLLATE=utf8mb4_general_ci;

-- Dumping data for table mdm_equipment.supplies: ~0 rows (approximately)
/*!40000 ALTER TABLE `supplies` DISABLE KEYS */;
/*!40000 ALTER TABLE `supplies` ENABLE KEYS */;

-- Dumping structure for table mdm_equipment.supply_categories
CREATE TABLE IF NOT EXISTS `supply_categories` (
  `id` bigint(20) NOT NULL AUTO_INCREMENT,
  `name` varchar(255) NOT NULL,
  `super_category_id` bigint(20) DEFAULT NULL,
  `alias` varchar(255) DEFAULT NULL,
  `note` text DEFAULT NULL,
  PRIMARY KEY (`id`),
  KEY `FK_SUPPLY_CATEGORIES_ON_SUPER_CATEGORY` (`super_category_id`),
  CONSTRAINT `FK_SUPPLY_CATEGORIES_ON_SUPER_CATEGORY` FOREIGN KEY (`super_category_id`) REFERENCES `supply_categories` (`id`) ON DELETE SET NULL ON UPDATE CASCADE
) ENGINE=InnoDB DEFAULT CHARSET=utf8mb4 COLLATE=utf8mb4_general_ci;

-- Dumping data for table mdm_equipment.supply_categories: ~0 rows (approximately)
/*!40000 ALTER TABLE `supply_categories` DISABLE KEYS */;
/*!40000 ALTER TABLE `supply_categories` ENABLE KEYS */;

-- Dumping structure for table mdm_equipment.supply_units
CREATE TABLE IF NOT EXISTS `supply_units` (
  `id` bigint(20) NOT NULL AUTO_INCREMENT,
  `name` varchar(255) DEFAULT NULL,
  PRIMARY KEY (`id`)
) ENGINE=InnoDB DEFAULT CHARSET=utf8mb4 COLLATE=utf8mb4_general_ci;

-- Dumping data for table mdm_equipment.supply_units: ~0 rows (approximately)
/*!40000 ALTER TABLE `supply_units` DISABLE KEYS */;
/*!40000 ALTER TABLE `supply_units` ENABLE KEYS */;

-- Dumping structure for table mdm_equipment.transfer_tickets
CREATE TABLE IF NOT EXISTS `transfer_tickets` (
  `id` bigint(20) NOT NULL AUTO_INCREMENT,
  `equipment_id` bigint(20) NOT NULL,
  `from_department_id` bigint(20) NOT NULL,
  `to_department_id` bigint(20) NOT NULL,
  `date_transfer` datetime NOT NULL,
  `transfer_note` text DEFAULT NULL,
  `approver_id` bigint(20) DEFAULT NULL,
  `approval_date` datetime DEFAULT NULL,
  `approver_note` text DEFAULT NULL,
  `code` varchar(255) NOT NULL,
  `created_date` datetime NOT NULL,
  `creator_id` bigint(20) DEFAULT NULL,
  `creator_note` text DEFAULT NULL,
  `status` varchar(255) DEFAULT NULL,
  PRIMARY KEY (`id`),
  KEY `FK_TRANSFERS_ON_APPROVER` (`approver_id`),
  KEY `FK_TRANSFERS_ON_EQUIPMENT` (`equipment_id`),
  KEY `FK_TRANSFERS_ON_FROM_DEPARTMENT` (`from_department_id`),
  KEY `FK_TRANSFERS_ON_TO_DEPARTMENT` (`to_department_id`),
  KEY `FK_TRANSFERS_ON_CREATOR` (`creator_id`),
  CONSTRAINT `FK_TRANSFERS_ON_APPROVER` FOREIGN KEY (`approver_id`) REFERENCES `users` (`id`) ON DELETE SET NULL ON UPDATE CASCADE,
  CONSTRAINT `FK_TRANSFERS_ON_CREATOR` FOREIGN KEY (`creator_id`) REFERENCES `users` (`id`),
  CONSTRAINT `FK_TRANSFERS_ON_EQUIPMENT` FOREIGN KEY (`equipment_id`) REFERENCES `equipments` (`id`) ON DELETE CASCADE ON UPDATE CASCADE,
  CONSTRAINT `FK_TRANSFERS_ON_FROM_DEPARTMENT` FOREIGN KEY (`from_department_id`) REFERENCES `departments` (`id`) ON DELETE NO ACTION ON UPDATE CASCADE,
  CONSTRAINT `FK_TRANSFERS_ON_TO_DEPARTMENT` FOREIGN KEY (`to_department_id`) REFERENCES `departments` (`id`) ON DELETE NO ACTION ON UPDATE CASCADE
) ENGINE=InnoDB AUTO_INCREMENT=8 DEFAULT CHARSET=utf8mb4 COLLATE=utf8mb4_general_ci;

-- Dumping data for table mdm_equipment.transfer_tickets: ~5 rows (approximately)
/*!40000 ALTER TABLE `transfer_tickets` DISABLE KEYS */;
INSERT INTO `transfer_tickets` (`id`, `equipment_id`, `from_department_id`, `to_department_id`, `date_transfer`, `transfer_note`, `approver_id`, `approval_date`, `approver_note`, `code`, `created_date`, `creator_id`, `creator_note`, `status`) VALUES
	(2, 2423, 9, 10, '2023-06-20 16:26:59', NULL, 1, '2023-06-21 06:58:47', 'sadfadsf', '1687278423058', '2023-06-20 16:26:59', 1, NULL, 'ACCEPTED'),
	(3, 2430, 9, 11, '2023-06-20 16:28:42', NULL, 1, '2023-06-21 06:05:45', 'okokokokokoko', '1687278526730', '2023-06-20 16:28:42', 1, NULL, 'ACCEPTED'),
	(5, 2439, 9, 10, '2023-07-03 05:51:00', NULL, 1, '2023-07-08 07:17:47', NULL, '1688363466412', '2023-07-03 05:51:00', 1, NULL, 'ACCEPTED'),
	(6, 2430, 11, 9, '2023-07-08 07:32:59', NULL, 1, '2023-07-08 07:44:51', NULL, '1688801584491', '2023-07-08 07:32:59', 1, NULL, 'ACCEPTED'),
	(7, 2440, 9, 10, '2023-07-08 07:44:58', NULL, NULL, NULL, NULL, '1688802308494', '2023-07-08 07:44:58', 1, 'gdfgfddfsg', 'PENDING');
/*!40000 ALTER TABLE `transfer_tickets` ENABLE KEYS */;

-- Dumping structure for table mdm_equipment.users
CREATE TABLE IF NOT EXISTS `users` (
  `id` bigint(20) NOT NULL AUTO_INCREMENT,
  `name` varchar(255) NOT NULL,
  `username` varchar(255) NOT NULL,
  `email` varchar(255) NOT NULL,
  `phone` varchar(255) NOT NULL,
  `gender` bit(1) NOT NULL,
  `address` varchar(255) DEFAULT NULL,
  `birthday` datetime NOT NULL,
  `enabled` bit(1) NOT NULL,
  `working_status` varchar(255) DEFAULT NULL,
  `role_name` varchar(255) DEFAULT NULL,
  `department_id` bigint(20) DEFAULT NULL,
  `password` varchar(255) NOT NULL,
  PRIMARY KEY (`id`),
  UNIQUE KEY `email` (`email`),
  UNIQUE KEY `phone` (`phone`),
  UNIQUE KEY `username` (`username`),
  KEY `DEPARTMENT` (`department_id`),
  CONSTRAINT `DEPARTMENT` FOREIGN KEY (`department_id`) REFERENCES `departments` (`id`) ON DELETE SET NULL ON UPDATE CASCADE
) ENGINE=InnoDB AUTO_INCREMENT=5 DEFAULT CHARSET=utf8mb4 COLLATE=utf8mb4_general_ci;

-- Dumping data for table mdm_equipment.users: ~2 rows (approximately)
/*!40000 ALTER TABLE `users` DISABLE KEYS */;
INSERT INTO `users` (`id`, `name`, `username`, `email`, `phone`, `gender`, `address`, `birthday`, `enabled`, `working_status`, `role_name`, `department_id`, `password`) VALUES
	(1, 'admin', 'admin', 'huy.nv28122001@gmail.com', '0365352192', b'1', '', '2001-12-28 09:00:00', b'1', 'ACTIVE', 'ADMIN', 9, '$2a$10$y1OJOsXOVgLUKDOwecU/A.Unu96219YZvCrCNxgXtx5AXniPjiQm6'),
	(2, 'huyandres2001', 'huyandres2001', 'huyandres2001@gmail.com', 'huyandres2001', b'1', NULL, '2023-06-13 00:00:00', b'1', 'ACTIVE', 'DDT', 9, '$2a$10$XNcILOx3Y5o79Tv1QHq7ieaRJjr4/Zek5NSZ0sgel52bZ.zkMw8RS'),
	(3, 'Nhân viên phòng vật tư', 'nvpvt', 'nvpvt@gmail.com', '01232', b'1', NULL, '2023-07-15 15:35:16', b'1', 'ACTIVE', 'NVPVT', 9, '$2a$10$XNcILOx3Y5o79Tv1QHq7ieaRJjr4/Zek5NSZ0sgel52bZ.zkMw8RS');
/*!40000 ALTER TABLE `users` ENABLE KEYS */;

-- Dumping structure for table mdm_equipment.user_read_notifications
CREATE TABLE IF NOT EXISTS `user_read_notifications` (
  `id` bigint(20) NOT NULL AUTO_INCREMENT,
  `user_id` bigint(20) DEFAULT NULL,
  `notification_id` bigint(20) DEFAULT NULL,
  `is_read` bit(1) NOT NULL,
  PRIMARY KEY (`id`),
  KEY `FK_USER_READ_NOTIFICATIONS_ON_NOTIFICATION` (`notification_id`),
  KEY `FK_USER_READ_NOTIFICATIONS_ON_USER` (`user_id`),
  CONSTRAINT `FK_USER_READ_NOTIFICATIONS_ON_NOTIFICATION` FOREIGN KEY (`notification_id`) REFERENCES `notifications` (`id`) ON DELETE CASCADE,
  CONSTRAINT `FK_USER_READ_NOTIFICATIONS_ON_USER` FOREIGN KEY (`user_id`) REFERENCES `users` (`id`) ON DELETE CASCADE
) ENGINE=InnoDB DEFAULT CHARSET=utf8mb4 COLLATE=utf8mb4_general_ci;

-- Dumping data for table mdm_equipment.user_read_notifications: ~0 rows (approximately)
/*!40000 ALTER TABLE `user_read_notifications` DISABLE KEYS */;
/*!40000 ALTER TABLE `user_read_notifications` ENABLE KEYS */;

/*!40101 SET SQL_MODE=IFNULL(@OLD_SQL_MODE, '') */;
/*!40014 SET FOREIGN_KEY_CHECKS=IFNULL(@OLD_FOREIGN_KEY_CHECKS, 1) */;
/*!40101 SET CHARACTER_SET_CLIENT=@OLD_CHARACTER_SET_CLIENT */;
/*!40111 SET SQL_NOTES=IFNULL(@OLD_SQL_NOTES, 1) */;
